岗位名称,区位,薪资,工作年限,学历,关键词,公司名,企业类别,企业规模,岗位要求,更新时间
杭州-NLP算法工程师（线上、p5-7）,北京,20-40K,1-3年,本科,"深度学习
机器学习
搜索算法
推荐算法
自然语言处理算法
Python
Java
C/C++",某500强上市公司,互联网,10000人以上,"工作职责
1负责机器学习、深度学习领域前沿核心算法的研究
2.负责知识图谱、图表征学习等KG技术研发，建设特色货盘专业化领域知识体系;
3.负责类GPT等AIGC新技术探素，推动相关应用落地;
4.负责创新技术(例如3D、数字人等)应用研究，逐步优化并推动在业务侧落地，提升用户体验和转化:
5.深入业务，理解数据，站在用户视角挖掘机会点，赋能业务高效运转。
任职要求
1.计算机、电子信息、自动化、人工智能、应用数学等相关专业者优先
2.具备丰富的机器学习、深度学习、知识图谱、AIGC等研究经验者优先
3.熟悉深度学习基本理论，熟悉编程/脚本预言: Python、Java、C/C++，熟练使用PyTorch、TensorFlow等框架
4.有顶会论文发表、国际竞赛参赛经验和优秀开源项目主要员献者优先",更新于：2024-01-27
ai算法工程师（人脸识别方向）,北京,20-40K·15薪,经验不限,本科,"机器学习
图像算法
自然语言处理算法
Python
CV
人脸识别
图像处理",某大型企业服务公司,企业服务,100-499人,"工作职责
1. 负责人脸识别和肢体检测相关算法的持续优化迭代；
2. 了解跟进AI/CV技术进展，推动CV算法在实际应用场景中落地。
任职资格
1. 统招本科及以上学历，计算机、数学、自动化等相关专业；
2. 具有扎实的图像处理和机器学习优化算法基础，有目标检测、关键点检测等方向项目落地经验，有模型部署相关经验；
3. 具有良好的计算机基础和编程能力，熟练使用Python语言，熟悉PyTorch/TensorFlow等深度学习框架，熟悉C/C++，有Linux平台下的开发经验；
4. 具有优秀的分析问题和解决问题的能力，具有良好的沟通能力和团队协作能力。",更新于：2024-01-27
AI图形学算法工程师,北京·朝阳区·大望路,15-25K,经验不限,本科,"计算机相关专业
数学/统计相关专业
英文读写能力良好
Stable diffusion
AIGC
CV算法",森博公关,广告/公关/会展,100-499人,"职位概述：
我们正在寻找一位具备Stable diffusion使用及算法开发经验的算法工程师，加入我们充满活力的AI产品团队。理想候选人需要拥有扎实的CV算法基础，具备Controlnet等训练经验，可以配合主美自定义训练AIGC做图模型并进行应用。
任职要求：
1、人工智能、深度学习/机器学习、计算机视觉、数学等相关专业本科及以上学历；
2、掌握Stable Diffusion基础原理，根据需求对业务进行分解，利用已有AI相关技术做预处理，最终生成合格的作品
3、掌握Dream booth、Textual Inversion、Hypernetworks、LoRA、segmentation等finetune方法的原理以及优缺点，可以根据应用场景训练模型
4、掌握ControlNet，腾讯T2I-Adapter等控制类原理，具备自定义训练一个ControlNet的经验
5、有良好的自我学习能力及自驱力，对前沿领域有强探索欲，有团队合作精神
6、加分项：有参与AIGC落地的丰富经验，切实产生业务价值案例的
我们提供：
具有竞争力的薪资待遇和福利；
宽松、友好的工作氛围和优秀的团队文化；
丰富的职业发展机会和技术挑战；
定期的团队活动和交流分享；
其他员工福利。",更新于：2024-01-26
银行正编！算法工程师 人工智能,北京,20-40K,经验不限,本科,"机器学习算法/工程化经验
数学/统计相关专业
计算机相关专业",某500强上市公司,互联网金融,1000-9999人,"""岗位职责：
1、参与软件开发项目的具体实施；
2、负责程序编码开发工作，参与技术测试工作；
3、负责支持系统的推广培训等工作；
4、负责系统上线后升级维护需求的实施；
5、主要为银行核心业务、公司业务、中间业务、零售业务、金融市场、电子渠道及海外业务等开发项目进行系统分析与开发工作。""
""1、本科及以上学历，计算机及相关专业，两年及以上相关工作经验，
2、熟练掌握Java语言、C语言、C++、C#等开发语言，熟悉UNIX或LINUX操作系统，掌握MySQL、Oracle或其他数据库；
3、分布式方向：需熟练掌握Java语言，了解GO语言，熟悉Spring、Mybatis、HTML5等前后端开源框架，具备企业级分布式服务框架及服务治理领域开发经验者优先，具备分布式服务架构，Istio,Spring Cloud，Consul，ElasticSearch及分布式消息队列等框架及技术开发技能者优先；
4、前端方向：需三年以上web、安卓或IOS开发工作经验，精通web、Android App或IOS APP开发框架和开发模式，了解开发平台、Framework和底层设计原理，多线程、网络等相关知识；
5、JAVA平台方向：需熟练掌握Java语言及SSM等开源框架，熟悉http、socket等通讯协议，了解Restful，熟悉HTML5 、Jquary、Bootstrap、VUE等前端技术或框架，在底层技术平台领域具有开发经验者优先;
6、C语言平台方向：具备较强的UNIX或Linux C语言开发及系统设计能力，熟悉多进程通信、消息队列、socket通信等，熟悉嵌入式C语言数据库编程，具备shell脚本编程能力，三年以上相关开发经验；
7、人工智能方向：需有自然语言处理/计算机视觉/模式识别与分类相关教育背景和工作经验。熟悉TensorFlow、Keras等框架，熟练掌握Spark ML/MLLib 工具包，熟悉通过机器学习提升传统模型的精度、算法开发与优化过程，熟悉GBDT/XGboost/LSTM/CNN/RNN算法模型并有项目经验者优先；
8、安卓客户端方向：有扎实的Java和Kotlin语言基础，熟悉常用数据结构和算法；精通多线程和网络编程，对高性能程序设计、架构设计有较多经验，能快速搭建、调试或重构大规模软件代码；掌握数据加密、代码混淆、防破解、性能优化等技术；熟悉Android系统体系结构、framework、底层库；熟悉android系统打包编译、插件化、热修复等主流技术原理，对android系统框架、对客户端稳定性和性能优化有经验者优先；
9、苹果客户端方向：熟练掌握OC、Swift（有实际项目经验），并了解其底层原理如内存模型和内部实现原理，以及编译过程；精通iOS SDK中的UI、网络、XML/JSON解析等开发技术；对设计模式MVC，MVVM、APP架构，APP性能检测，Crash方案，解耦方案等有经验者优先；
10、有银行项目实施经验者优先；具备较强的工作责任心和团队合作意识，抗压能力强，具有较强分析问题和解决问题的能力，具备良好的协调沟通能力；""",更新于：2024-01-27
AI算法优化专家,北京·大兴区·亦庄,30-60K·15薪,经验不限,本科,研究导向,斑马网络,互联网,1000-9999人,"岗位职责：
-负责智驾算法在GPU/DLA等算力平台上的部署，包括模型量化、模型剪枝等技术
-负责智驾算法端到端性能优化，包括子图优化、算子优化、模型前后处理优化等技术
-与算法团队紧密合作，从性能/精度/部署成本等维度为算法团队提供输入和指标要求
-负责智驾整系统性能调试与优化，解决资源占用、资源竞争等问题，确保整系统达到上车指标
任职资格
-硕士5年以上工作经验，含2年以上AI高性能计算开发经验，且在GPU领域有2年以上开发经验
-熟练掌握C++/CUDA等编程语言，扎实的数据结构与算法能力，熟悉计算机体系架构等基础知识
-熟悉Xavier/Orin计算平台，熟练掌握TensorRT推理引擎，并有GPU/DLA算子开发经验者优先
-熟悉cuDNN、Cutlass等任一高性能算子库，并有相关开发经验者优先
-良好的发现问题、解决问题、团队协作和沟通能力。",更新于：2024-01-27
AI算法应用专家,北京,60-90K,1-3年,本科,"C/C++
Python
算法工程化经验",某500强上市公司,电子商务,1000-9999人,"岗位职责：跟踪前沿AI算法进展，并将相应技术赋能到实际的业务场景中。
任职资格：
1. 计算机相关专业，本科及以上学历，2年以上工作经验； 2. 对常见AI任务有一定的实战经验，如意图识别、情感抽取、跨模态检索，并有扎实的理论基础和丰富的研发经验； 3. 对前沿的NLP和多模态技术有一定了解，如LangChain、DeepSpeed、BLIP2、Llama等，有实践经验更佳； 4. 在ICML、ICLR、NeurIPS、CVPR、ICCV、ACL、EMNLP、KDD、SIGIR、RecSys等有人工智能顶会论文发表者优先。",更新于：2024-01-27
算法工程师（点云ai方向）,北京,40-50K·16薪,经验不限,本科,"深度学习
融合感知算法
C/C++
矿山项目
激光雷达感知算法",某大型知名机械设备公司,机械设备/机电/重工,10000人以上,"工作职责：
1、负责基于深度学习激光雷达点云的3D目标检测、分割、跟踪等算法的研究及迭代计算；
2、负责自动驾驶中激光雷达感知算法的长期研发和迭代，及算法在及时产品中的落地与优化提升；
任职要求：
1、本科及以上学历，要有ai模型训练和使用经验，具备深度学习经验。
2、有至少4年工作经验
3、工作项目涉及激光雷达感知、点云感知、目标检测、深度学习、pointpillar、聚类相关的，涉及其中2个以上
4、有自动驾驶行业（矿山领域更好）从业经验",更新于：2024-01-26
遥感AI算法工程师,北京,18-25K·14薪,1-3年,本科,"大模型算法
Python
C/C++
算法
遥感
CANN",某铁路公司,铁路/船舶/航空/航天制造,20-99人,"岗位职责：
1. 参与遥感影像智能识别相关的产品研发，协助算法落地
2. 负责遥感业务的视觉感知算法的研发和迭代，研究卫星遥感影像中的物体检
测与分割算法
任职要求：
1. 熟悉 C/C++、Python，有良好的数据结构和算法基础；
2. 有遥感(光学或 SAR)图像处理经验；
3. 深刻理解机器学习、深度学习等相关知识，在目标检测、图像分割、视频分
析等相关领域具有丰富的实践或研究经验
4. 熟悉主流模型和算法，关注领域内的最新进展，能够跟进和实现新的算法;
5. 较强的算法设计和实现能力，熟悉 Caffe/TensorFlow/Pytorch 等训练框架。
6. 良好的团队合作，沟通和协作能力",更新于：2024-01-26
算法工程师/专家-AI应用算法,北京·海淀区·中关村,40-70K·15薪,经验不限,本科,"不限
大模型算法
自然语言处理算法
大数据处理框架(Spark/Hadoop/Hive)
算法工程化经验
参加算法相关竞赛/获奖
发表算法相关优秀论文
LLM
搜广推",北京字节跳动,移动互联网,10000人以上,"职位描述
1、负责公司AINative形态对话式服务算法的研发，在大规模机器学习和深度学习领域开展研发工作，设计和开发创新性算法模型，研究相关技术在创作、对话和客服等领域的全新应用和解决方案，满足用户不断增长的智能交互需求，全面提升用户在未来世界的生活和交流方式；
2、数据建设、指令微调、偏好对齐、模型优化；
3、提升自然语言理解的能力，比如意图识别、向量服务、短文本/长文本的表征学习等。
职位要求
1、良好的设计和编码风格，热爱写代码，能产出高质量的设计和代码；
2、出色的分析问题、解决问题能力，能从纷繁复杂的数据中看出问题本质；
3、熟悉和精通NLU、召回或排序其中一种算法策略;了解最新的LLM技术，有训练或应用经验加分；
4、有主流大规模搜索、推荐、LLM系统的算法研发经验加分，有Golang经验加分；
5、责任心强，积极主动，有良好的沟通能力和团队合作能力。",更新于：2024-01-26
ai算法,北京,20-25K·16薪,经验不限,本科,"生物医疗
CNN/RNN/LSTM
R
Shell",某大型医疗器械公司,医疗器械,100-499人,"1. 在眼科AI场景下，实践深度学习或机器学习算法，并针对特定任务进行优化。
2. 了解所需相关行业的前沿发展趋势，组织撰写相关技术文档及展示材料并输出相关专利。
3. （独立选项）该岗位可选择成为项目经理，专门负责产品需求、产品定义等工作。",更新于：2024-01-26
ai高级算法工程师,北京,40-70K,经验不限,本科,"搜索/推荐
计算机相关专业
数学/统计相关专业
机器学习算法/工程化经验",某500强上市公司,基金,100-499人,"职位描述
工作职责：
1. 挖掘海量的金融数据，在特征提取、价格预测、组合优化等不同的应用场景实践你的机器学习算法；
2. AI前瞻领域预研与实验；
任职要求：
1. 熟悉任一机器学习分支领域（如统计学习，深度学习，强化学习，组合优化或其他相关前沿技术等）
2. 对量化行业感兴趣，并且有较强的工程实现能力
3. 计算机、数学、统计学或相关专业硕士或博士学位
4. 熟悉C++/Python/Go等一种或多种语言，扎实代码功底和实战能力
5. 熟悉至少一种深度学习框架：TF，pytorch等
PS：不要求金融背景，公司打造的研究框架让你可以迅速上手并专注于机器学习的应用
如果你有以下经历 ，将大大加分：
ACM/ICPC/NOIP/NOI等赛事获奖选手；
在计算机顶会或者顶刊有论文发表；
有中型以上规模的机器学习算法应用调优经验，如搜索/推荐/广告/图像；",更新于：2024-01-26
AI算法工程师(NLP方向)【No.001】,北京,25-50K·14薪,1-3年,本科,"计算机相关专业
自然语言处理项目经验
知识图谱相关经验",UMU,企业服务,100-499人,"岗位职责：
1. 从事自然语言处理、知识图谱等领域前沿算法的研究，探索人工智能技术的创新和落地应用；
2. 从业务场景和实际问题出发，利用自然语言处理和知识图谱技术，服务于UMU核心AI产品，如AI陪练、AI微课等；
3. 构建知识图谱平台，将智能服务的能力赋予更多的产品和用户。
任职责格：
1. 掌握自然语言处理、信息检索、深度学习理论，实现相关算法技术的落地和应用；
2. 掌握知识图谱相关算法，包括但不限于实体识别、关系抽取、语义消歧、实体链接、知识推理等算法模块研究与优化；
3. 责任心强，积极主动，有良好的沟通协调能力；
4. 本科及以上学历，计算机相关专业，社招1年以上NLP工作经验。",更新于：2024-01-26
ai算法工程师,北京·海淀区·北京大学,18-25K,经验不限,本科,Python,青鸟职业教育,培训/辅导机构,100-499人,"工作内容：1.针对职业技术培训领域大模型的特点和应用场景，设计并可以不断优化精进模型的prompt，并提升模型在特定任务的性能。
2.基于国内外最新研究成果，落地搜索增强、嵌入模型和VD的实现。
3.设计处置领域大模型评估方案并负责模型评估工作，确保大模型测评结果与实际场景体验一致。
4.辅助设计基于大模型的应用产品生态体系，例如智能文档，面试辅助等。
5.参与大模型应用领域相关产品技术方案的研究与创新，竞品的调研和分析，支持业务的快速迭代。
6.收集职业教育领域数据，收集ChatGPT、MidJourney等AI提示词并验证，以工程的方式进行管理。
7.协助产品经理完成部分产品工作，如用户访谈、竞品调研、课程内容规划研究等。
岗位职责：1.针对职业技术培训领域大模型的特点和应用场景，设计并可以不断优化精进模型的prompt，并提升模型在特定任务的性能。
2.基于国内外最新研究成果，落地搜索增强、嵌入模型和VD的实现。
3.设计处置领域大模型评估方案并负责模型评估工作，确保大模型测评结果与实际场景体验一致。
4.辅助设计基于大模型的应用产品生态体系，例如智能文档，面试辅助等。
5.参与大模型应用领域相关产品技术方案的研究与创新，竞品的调研和分析，支持业务的快速迭代。
6.收集职业教育领域数据，收集ChatGPT、MidJourney等AI提示词并验证，以工程的方式进行管理。
7.协助产品经理完成部分产品工作，如用户访谈、竞品调研、课程内容规划研究等。",更新于：2024-01-26
算法工程师(AI 风险与安全),北京·朝阳区·团结湖,30-40K,1-3年,本科,"深度学习
机器学习
大模型算法
AI风险与安全
算法安全
模型安全",普华永道中天会计师,投资/融资,10000人以上,"职位描述
1、通过蓝军演练评估 AI系统的安全性，挖掘和利用AI系统中的漏洞；
2、开发针对 AI系统的攻击以及漏洞挖掘工具和技术；
3、设计解决AI系统漏洞的技术和方案；
4、研究针对AI系统的新威胁，包括Prompt注入攻击的原理、实践和防御。
职位要求
1、有2年及以上AI安全相关工作经验，计算机、人工智能和信息安全等相关专业；
2、熟练掌握Python/C/C++，熟悉常用的AI开发框架，具有扎实的数据结构、算法设计和机器学习理论基础；
3、拥有AI系统漏洞挖掘、设计 AI系统保护方案、可解释性AI、及Al训练/推理框架设计的一项或多项经验；
4、拥有AI安全相关顶会论文者优先；
5、逻辑思考能力强，善于发现和解决问题，自我驱动。",更新于：2024-01-26
AI Agent算法工程师,北京·东城区·王府井,50-80K·13薪,经验不限,本科,"大模型算法
强化学习
Python
C/C++
优秀开源项目经历
团队管理经验
参加算法相关竞赛/获奖
Agent",昆仑天工,互联网,500-999人,"岗位职责：
1. 跟进工业界/学术界最新的大模型动态，特别是AI Agent方面的最新研究成果；
2. 参与前沿技术的技术研究和时间，对算法进行优化改进，提升系统的稳定性和性能；
3.和跨职能团队合作，包括产品、开发团队，确保按时交付高质量的Agent产品解决方案。
任职要求：
1. 统招本科及以上学历，计算机及相关专业，有较强的工程能力；
2. 有较强的自我驱动能力，能快速推进新任务的完成；
3.熟悉Agent技术领域最新的研究成果，有实际项目落地经验着优先。",更新于：2024-01-26
AI算法实习生,北京·海淀区·苏州桥,9-12K,经验不限,本科,"无明显侧重
语音/图像识别
Python
TensorFlow/PyTorch
CNN/RNN/LSTM
计算机相关专业
数学/统计相关专业
有国际期刊/会议论文发表",驿心科技,互联网,,参与公司生成式人工智能相关研究和应用，工作能让包括并不限于：参与基于大语言模型的对话式产品研发和优化，如大模型训练及微调、加速优化等；参与公司AIGC类产品研发，如文生视频等多模态预训练及微调等。,更新于：2024-01-27
人工智能 NLP工程师,北京·朝阳区·南磨房,20-40K·13薪,1-3年,本科,"DALLE、Midjourney
ChatGPT模型
StableDiffusion",上海美踏全宇数字科技,互联网,100-499人,"岗位职责：
1、承担基于GPT系列或者其他开源大模型的开发和调优工作，包括训练流程搭建、指令微调、Prompt工程以及面向下游任务的效果优化等；
2、负责语料库的采集、整理和数据制作，以满足模型训练需求，掌握数据增强和降噪技术；
完成大规模预训练模型在游戏、影视等细分领域的落地，支持业务目标提升;
3、紧跟业界大模型进展，探索前沿技术，解决实际问题，包括智能问答、图文内容生成等；4、与其他团队密切合作，包括数据工程师、前后端工程师、产品经理等，实现高质量的产品和解决方案。
任职要求:
1、2年以上相关工作经验， 计算机、人工智能、数学等相关专业研究生学历，优秀者可放宽至本科，有相关方向论文者优先；
2、熟悉NLP主流大模型，如ChatGPT/T5/PaLM/LLaMA/GLM等,对模型背后的原理和各自适用场景有深入的理解。有大模型预训练经验,熟悉相关技术细节和优化策略，如大规模语料收集、模型调优优化、自弱监督学习、强化学习等；
3、有小样本学习 (Few-shot learning)、提示学习(P‘rompt learning)等相关技术经验；
4、有扎实的自然语言处理理论和方法基础，掌握自然语言主要算法模型，具备对Transformer架构及其变体的深入理解；
5、熟悉常见的自然语言处理任务，如文本生成、语义理解、实体识别、知识抽取等；
6、扎实的编程基础：掌握至少一种开发语言如 Python、C、C++等，有基于PyTorch等深度学习框架的实战项目经验；
7、具备良好的数据预处理和数据分析能力，熟悉主流数据处理工具如pandas、NumPy等；
8、具备较强的团队协作能力和沟通能力，有较强的学习能力和业务分析及问题解决能力。
9、关注AIGC领域的业界最新动态，了解 DALLE、Midjourney、StableDiffusion等前沿技术；
10、有CV、多模态项目经验。",更新于：2024-01-26
AI算法工程师（政务大模型）,北京·西城区·西便门,35-55K·15薪,经验不限,本科,"计算机相关专业
数学/统计相关专业",中移集成,通信/网络设备,1000-9999人,"岗位描述：
1、政务行业大模型训练数据的收集与梳理；
2、政务行业大模型的预训练与精调，行业专用模型架构设计与实现；
3、政务知识图谱的构建与维护，政务新闻政策信息抽取pipeline搭建；
4、政务大模型应用的工程化应用开发与对接，完成prompt工程开发，完成与外部知识库对接。
任职资格：
1、 计算机相关专业，硕士及以上学历；
2、 具有良好的代码能力，精通各类深度学习框架下，模型研发，熟练掌握Python、Java等至少一种语言，熟练掌握Pytorch、TensorFlow等深度学习框架；
3、 具备快速阅读深度学习相关论文并理解算法的能力；
4、有大模型训练经验者优先；
5、有政务行业人工智能应用经验者优先；",更新于：2024-01-26
ai算法工程师,北京·海淀区·西三旗,11-17K,1-3年,本科,"深度学习
大模型算法
机器学习
风控算法
推荐算法
Python
优秀开源项目经历",中电金信软件有限公司,计算机软件,,"1、计算机、自动化、数学、统计等相关专业，掌握数据挖掘、算法开发相关的理论及方法。
2、拥有1-3年以上从事数据挖掘、算法开发相关工作的经验，参与过大型项目开展。如拥有1-3年以上在银行、证券、保险、互联网等行业的数据挖掘、算法开发项目经验者，可适度放宽年限要求。
3、了解Linux、ssh、git等、了解FastAPI、Flask、Django等后端框架，能将算法模型落地的经验者优先。
4、熟悉Sklearn、PyTorch、TensorFlow、Keras等主流深度学习框架，或有风控、营销、运营等方面组合建模工作经验者优先。
5、熟悉Nebular Graph、Neo4j等主流图数据库、以及相关图算法，做过图数据挖掘、风险传导、社交网络分析等经验者优先。
6、熟悉NLP相关技术、熟悉信息抽取等任务，了解ChatGLM、LLAMA等语言模型微调等经验者优先。",更新于：2024-01-27
AI算法工程师（NLP方向）（央企正编）,北京,40-50K,经验不限,硕士,"AIGC
chatGPT
知识图谱",某通信公司,通信/网络设备,,AIGC，chatGPT，知识图谱，将同一副影像中的AI告警事件进行归并整合、告警压制、告警升级等处理。,更新于：2024-01-27
AI高级算法工程师,北京,35-65K,经验不限,本科,"Java
C/C++
Python",某大型社交网络公司,社交网络,100-499人,"1、利用 NLP 技术在大量文本中进行数据挖掘及文本处理，包括文本相关性模型、命名实体识别等
2、承担预训练模型的训练、开发和调优工作,包括但不限于:prompt 设计、大模型 finetuning、大模型训练
3、紧跟前沿 NLP 生成技术，解决实际应用场景中的内容生成问题
4、负责对话系统平台搭建和研发工作
5、负责业内先进的语音合成算法研究，探索个性化TTS、情感化TTS、风格化TTS等前沿技术
职位要求
1、计算机相关专业硕士、博士或者优秀本科
2、熟练掌握 Python/C++/Java 中至少一门语言，熟练掌握 tensorlow/pytorch/keras 等深度学习框架
3、熟悉 BERT系列以及GPT 系列等预训练模型，熟悉 Transformer 等深度学习模型，熟悉主流文本生成的原理和方法，有结合业务的落地经验者优先
4、熟悉vits系列模型、Edge-TTS、Bert-vits2、声码器、fastspeech等模型或者开源库
5、过往有参与过大型对话系统、大横型训练和部罢经验者优先
6、有 ACL、EMNLP、ICLR 等会议论文发表者优先
7、良好的自驱力，较强的团队合作精神",更新于：2024-01-27
aigc算法工程师（cv/nlp）,北京,20-30K·14薪,1-3年,本科,"C/C++
OpenCV",某游戏公司,游戏,0-20人,"岗位需求
算法工程师
岗位职责
探索[AI+游戏]的产品方向和AIGC在3D游戏资产领域工业管线的设计开发。
将深度学习技术应用于可扩展的3D内容创建，协助模型调优，数据集工程，工具链开发。
构建工具和流水线抽象，设计和开发从模型到游戏内容生产的基础设施和工具
岗位要求
我们欢迎对机器学习，计算机视觉或NLP相关有研究兴趣和想法的同学。
优秀的数理基础，较强动手能力，良好的沟通能力和团队合作能力。
有深度学习框架(如Pytorch，conda)或CUDA编程能力优先，有生成模型(Generative Model)研究背景优先(如diffusion, Nerf, Magic3D)",更新于：2024-01-26
CV方向 AI算法工程师 国企正式编制,北京,20-40K,经验不限,本科,"业务导向
搜索/推荐
风控/反欺诈
语音/图像识别
Java
Python
C/C++
计算机相关专业
数学/统计相关专业
机器学习算法/工程化经验
CV算法工程师国企正编
AI算法工程师国企正编
算法国企正式编制",某大型互联网金融公司,互联网金融,500-999人,"工作职责
1. 负责人脸身份认证领域算法模型研发，包括但不限于：人脸活体检测、人脸识别、人脸质量评估、人脸关键点检测、 图像加密、图像处理等方向的深度学习模型实际研发经验，具有炫彩活检研发经验者优先。
2. 负责深度学习模型压缩、模型剪枝等研发工作，具有便携终端轻量级模型研发经验者优先。
3. 负责跟踪上述领域的先进技术及研发工作。
4. 负责相关算法模型的产线开发、验证、优化及维护等产线工作。
任职要求
1. 计算机相关专业，大学本科毕业，硕士及以上学历者优先。
2. 具有良好的代码能力，精通各类深度学习框架下，模型研发，熟练掌握Python、Java、C++等至少一种语言。
3. 具备快速阅读深度学习相关论文并理解算法的能力。
4. 针对上述人脸相关方向的深度学习建模具有3年及以上经验。",更新于：2024-01-26
AI算法/开发工程师,北京·海淀区·西北旺,55-85K·15薪,经验不限,本科,"大模型算法
自然语言处理算法
优秀开源项目经历",荣耀终端有限公司,消费电子,10000人以上,"工作职责
1、基于机器学习、深度神经网络等技术，构建人工智能服务模型，实现智能推荐、智能客服、智能助手等智慧服务领域的功能；
2、设计、开发和优化自然语言处理系统，实现语音识别、语义分析、自动问答等功能，提升智慧语音产品的性能；
3、开发计算机视觉算法，包括对象识别、场景理解、图像分割等，提升智慧视觉产品的识别和分类能力；
4、持续跟踪国内外最新的人工智能技术发展趋势，进行技术研究和探索，不断优化公司的人工智能产品和方案；
5、与其他部门紧密协作，包括产品、运营、销售等，进行技术支持和需求沟通，不断为公司的产品和服务提供高质量的技术支持。
任职要求
1、计算机科学、机器学习、统计学、应用数学等专业领域；
2、有良好的研究背景和成果，对算法研究兴趣浓厚，业务抽象能力强；具备创造性思维，能够将全新想法转化为工程应用；对研究工作充满热情，具备良好的团队合作精神和沟通能力；
3、具备较强的编程能力，精通主流编程语言，如C++ /Java /Python等。",更新于：2024-01-26
人工智能算法工程师 24年毕业解决北京户口,北京·朝阳区·国贸,15-25K,经验不限,本科,人工智能算法,北京烽火万家,通信/网络设备,100-499人,"岗位职责：
1. 根据业务实际需求，选择或设计相应的机器学习或深度学习的算法；
2. 对算法模型进行训练、评估和优化，例如迁移学习、参数优化等；
3. 负责模型所需数据、图片的收集；
4. 对模型进行工程化实现，与项目整体系统做集成。
岗位要求：
1.本科及以上学历，计算机、通信、数学等相关专业；
2.熟练掌握信号与系统基本理论和分析方法；
3.熟练掌握C/C++/MATLAB/Python；
4.有责任心，乐于学习并具有团队合作精神，及良好的沟通能力。",更新于：2024-01-26
AI高级算法工程师,北京·朝阳区·望京,30-60K·13薪,经验不限,本科,"大模型算法
自然语言处理算法
分布式训练
SQL
参加算法相关竞赛/获奖
发表算法相关优秀论文",伊对,社交网络,100-499人,"职位描述
1、利用 NLP 技术在大量文本中进行数据挖掘及文本处理，包括文本相关性模型、命名实体识别等
2、承担预训练模型的训练、开发和调优工作,包括但不限于:prompt 设计、大模型 finetuning、大模型训练
3、紧跟前沿 NLP 生成技术，解决实际应用场景中的内容生成问题
4、负责对话系统平台搭建和研发工作
5、负责业内先进的语音合成算法研究，探索个性化TTS、情感化TTS、风格化TTS等前沿技术
职位要求
1、计算机相关专业硕士、博士或者优秀本科
2、熟练掌握 Python/C++/Java 中至少一门语言，熟练掌握 tensorlow/pytorch/keras 等深度学习框架
3、熟悉 BERT系列以及GPT 系列等预训练模型，熟悉 Transformer 等深度学习模型，熟悉主流文本生成的原理和方法，有结合业务的落地经验者优先
4、熟悉vits系列模型、Edge-TTS、Bert-vits2、声码器、fastspeech等模型或者开源库
5、过往有参与过大型对话系统、大横型训练和部罢经验者优先
6、有 ACL、EMNLP、ICLR 等会议论文发表者优先
7、良好的自驱力，较强的团队合作精神",更新于：2024-01-27
算法/AI讲师（深度学习/机器学习方向）,北京·朝阳区·高碑店,15-30K,1-3年,本科,"机器学习
深度学习
自然语言处理算法
图像算法
Python
算法工程化经验
参加算法相关竞赛/获奖
职业技能培训
在线教育",赋范空间,培训/辅导机构,20-99人,"岗位职责：
1. 深入研究机器学习/深度学习/人工智能各大应用领域的前沿/实用技术，围绕顶尖技术研发市场一流的课程与教学内容（课件/代码），涉及领域包括但不限于集成算法、特征工程、计算机视觉、自然语言处理、深度时间序列、生成式模型、推荐系统、强化学习、图神经网络等前沿领域
2. 实践各类机器学习/深度学习算法前沿应用、参与海内外各类机器学习/深度学习前沿竞赛，围绕应用结果与竞赛结果研发市场一流的算法实践课程内容（课件/代码）
3. 完成机器学习/深度学习各类前沿领域的教学、授课工作，包括但不限于录制课程视频、完成课程直播、完成公开课直播、完成体验课等各种形式的授课工作
4. 协助追踪机器学习/深度学习各类前沿领域的行业动态、技术进步，协助制作基于行业前沿信息的通识类课程与教学内容（课件/代码/视频/直播），协助向行业传递技术视野与技术观点
5. 协助完成机器学习/深度学习领域课程的价值宣传工作，包括但不限于录制课程介绍视频、进行课程介绍直播、整理课程卖点、输出课程价值等各种形式的宣传工作
6. 协助完成机器学习/深度学习领域课程的辅导工作，包括协助课程答疑、指导课程项目、协助产出课程习题等各种服务性质工作
任职要求：
1. 拥有本科及以上学历
2. 至少2年以上算法授课经验或算法行业工作经验，对机器学习/深度学习/人工智能技术有一定理解；
3. 具有较强的学习能力与思考能力，能够短时间内掌握全新知识、快速获取对新兴领域的理解和洞察
4. 具有较强的逻辑能力与表达能力，能够将复杂知识抽丝剥茧、化繁为简，或能够传递观点、引导共情
5. 形象好气质佳，同时兼备亲和力与专业能力，能够把握用户注意力、与用户愉快沟通
6. 有意愿和能力不断挑战自我、突破自我、不断提升自己的知识、技能水平和职场成熟度
7. 对教育或技术传播有一定的了解和较强的认可，具备一定的服务意识和团队协作意识
福利待遇：
1. 底薪15K+奖金，试用期3-6个月
2. 90后年轻团队、不定期下午茶、弹性工作
3. 入职后购买六险一金、带薪年假等
4. 提供带薪培训、沉浸式学习最前沿技术、积累个人技术能力",更新于：2024-01-27
ai算法工程师,北京·海淀区·西北旺,20-40K,经验不限,本科,"深度学习
机器学习
大模型算法
图像算法
自然语言处理算法
推荐算法
C/C++
Python
Java",华为云计算,互联网,10000人以上,"华为云安全团队招【机器学习/深度学习工程师】。
【语言不限】C、C#、C++、Java、Python、PHP、Go、Js、Objective-C任选其一。
【工作地点】北京、深圳，东莞，成都，杭州可选。
如有意向，欢迎咨询。",更新于：2024-01-27
"气象AI算法
工程师",北京·海淀区·中关村,20-25K,1-3年,本科,"Python
计算机相关专业
数学/统计相关专业",锦华正航,其他专业服务,0-20人,"（1）负责气象AI大语言模型的研发工作，包括多模态数据预处理、自然语言处理、模型设计、训练、优化和应用等。
（2）负责气象AI大语言模型的训练数据预处理和标注，以及模型训练、评估和调优等工作。
（3）根据实际应用场景，优化模型性能和精度，提高模型在气象预报和气候变化预测等方面的准确性和实用性。
（4）负责气象AI大语言模型在多场景下的应用和推广，为相关部门和领域提供专业支持和解决方案。
（5）负责技术需求文档的撰写和审核，以及与客户的沟通、协调和合作等工作。
（1）具有本科及以上学历，计算机、数学、统计学等相关专业，具备气象领域相关研究经验者优先考虑。
（2）2年以上人工智能研发经验，熟悉自然语言处理、机器学习、深度学习及神经网络等相关知识，并具有实际项目经验，对各种算法和模型有深入理解；
（3）熟练掌握Python等编程语言，具备扎实的数据分析、挖掘和处理能力。
（4）熟悉常用的机器学习框架和工具，如Scikit-learn、TensorFlow、PyTorch、Transformers等。
（5）熟悉气象领域相关技术趋势和应用场景，了解AI大语言模型在气象领域的应用优缺点。
（6）主动性和责任心强，服从工作安排，有良好的团队合作精神，善于沟通,较强的需求理解能力。",更新于：2024-01-16
高德—AI视觉算法工程师,北京·朝阳区·来广营,25-50K·16薪,1-3年,本科,"视觉
视频
人脸",高德地图,互联网,1000-9999人,"职位描述：
1. 负责3D、2D人脸/人体建模或生成，包括不限于视频、文本、语音驱动人脸表情，肢体动作生成/表情生成/人脸编辑，风格迁移等；
2. 追踪业界前沿算法，推动AI视觉算法在业务场景中落地并持续优化迭代算法效果；
职位要求：
1、2年及以上视觉、视频、脸部重建或人体重建等方面直接工作经验；
2、具有图像处理相关工作经验,熟悉人脸/肢体生成,语音/文本驱动表情/动作等算法等方向；
3、熟悉主流GAN、diffusion model、nerf等算法；有相关算法落地应用优先；
4、掌握TensorFlow,PyTorch等开源工具中的一种及以上；
5、在相关国际会议或主流期刊CVPR/ICCV/ECCV/NeurIPS/SIGGRAPH/PAMI/IJCV/TIP等上发表论文者优先；
6、具有良好的逻辑思维能力,较强的沟通、学习、团队协作能力,对工作充满热情；
7、较好的算法模型深度优化能力，包括不限于模型结构优化、模型创新、loss设计、超参优化、多卡训练、推理加速、模型蒸馏等。",更新于：2024-01-26
银行正编！算法工程师 人工智能,北京,20-40K,经验不限,本科,"机器学习算法/工程化经验
数学/统计相关专业
计算机相关专业",某500强上市公司,互联网金融,1000-9999人,"""岗位职责：
1、参与软件开发项目的具体实施；
2、负责程序编码开发工作，参与技术测试工作；
3、负责支持系统的推广培训等工作；
4、负责系统上线后升级维护需求的实施；
5、主要为银行核心业务、公司业务、中间业务、零售业务、金融市场、电子渠道及海外业务等开发项目进行系统分析与开发工作。""
""1、本科及以上学历，计算机及相关专业，两年及以上相关工作经验，
2、熟练掌握Java语言、C语言、C++、C#等开发语言，熟悉UNIX或LINUX操作系统，掌握MySQL、Oracle或其他数据库；
3、分布式方向：需熟练掌握Java语言，了解GO语言，熟悉Spring、Mybatis、HTML5等前后端开源框架，具备企业级分布式服务框架及服务治理领域开发经验者优先，具备分布式服务架构，Istio,Spring Cloud，Consul，ElasticSearch及分布式消息队列等框架及技术开发技能者优先；
4、前端方向：需三年以上web、安卓或IOS开发工作经验，精通web、Android App或IOS APP开发框架和开发模式，了解开发平台、Framework和底层设计原理，多线程、网络等相关知识；
5、JAVA平台方向：需熟练掌握Java语言及SSM等开源框架，熟悉http、socket等通讯协议，了解Restful，熟悉HTML5 、Jquary、Bootstrap、VUE等前端技术或框架，在底层技术平台领域具有开发经验者优先;
6、C语言平台方向：具备较强的UNIX或Linux C语言开发及系统设计能力，熟悉多进程通信、消息队列、socket通信等，熟悉嵌入式C语言数据库编程，具备shell脚本编程能力，三年以上相关开发经验；
7、人工智能方向：需有自然语言处理/计算机视觉/模式识别与分类相关教育背景和工作经验。熟悉TensorFlow、Keras等框架，熟练掌握Spark ML/MLLib 工具包，熟悉通过机器学习提升传统模型的精度、算法开发与优化过程，熟悉GBDT/XGboost/LSTM/CNN/RNN算法模型并有项目经验者优先；
8、安卓客户端方向：有扎实的Java和Kotlin语言基础，熟悉常用数据结构和算法；精通多线程和网络编程，对高性能程序设计、架构设计有较多经验，能快速搭建、调试或重构大规模软件代码；掌握数据加密、代码混淆、防破解、性能优化等技术；熟悉Android系统体系结构、framework、底层库；熟悉android系统打包编译、插件化、热修复等主流技术原理，对android系统框架、对客户端稳定性和性能优化有经验者优先；
9、苹果客户端方向：熟练掌握OC、Swift（有实际项目经验），并了解其底层原理如内存模型和内部实现原理，以及编译过程；精通iOS SDK中的UI、网络、XML/JSON解析等开发技术；对设计模式MVC，MVVM、APP架构，APP性能检测，Crash方案，解耦方案等有经验者优先；
10、有银行项目实施经验者优先；具备较强的工作责任心和团队合作意识，抗压能力强，具有较强分析问题和解决问题的能力，具备良好的协调沟通能力；""",更新于：2024-01-27
ai算法工程师（人脸识别方向）,北京,20-40K·15薪,经验不限,本科,"机器学习
图像算法
自然语言处理算法
Python
CV
人脸识别
图像处理",某大型企业服务公司,企业服务,100-499人,"工作职责
1. 负责人脸识别和肢体检测相关算法的持续优化迭代；
2. 了解跟进AI/CV技术进展，推动CV算法在实际应用场景中落地。
任职资格
1. 统招本科及以上学历，计算机、数学、自动化等相关专业；
2. 具有扎实的图像处理和机器学习优化算法基础，有目标检测、关键点检测等方向项目落地经验，有模型部署相关经验；
3. 具有良好的计算机基础和编程能力，熟练使用Python语言，熟悉PyTorch/TensorFlow等深度学习框架，熟悉C/C++，有Linux平台下的开发经验；
4. 具有优秀的分析问题和解决问题的能力，具有良好的沟通能力和团队协作能力。",更新于：2024-01-27
AI 算法支持工程师(A187591),北京·海淀区·学院路,20-40K·14薪,1-3年,本科,"C++
Python",超星未来Novauto,计算机软件,20-99人,"职位描述：
1. 辅助用户迁移其AI模型或者核心算法；
2. 追踪业界领先的AI模型并可以在自有平台上进行部署及优化；
3. 开发适用于行业应用的框架工具；
4. 进行竞品分析和评测，发掘产品特点和优势；
5. 帮助产品和研发团队收集客户需求，并将其转化为技术规格。
职位要求：
1. 全日制硕士本科及以上学历，人工智能、计算机、电子信息或相关专业；
2. 一年以上工作经验，有计算机视觉、深度学习、嵌入式开发项目经验优先；
3. 熟悉Python/C++，熟悉Linux操作系统和开发工具，能熟练使用Git等工具；
4. 具备良好的学习能力和沟通能力，有团队合作精神。",更新于：2024-01-26
AI算法优化专家,北京·大兴区·亦庄,30-60K·15薪,经验不限,本科,研究导向,斑马网络,互联网,1000-9999人,"岗位职责：
-负责智驾算法在GPU/DLA等算力平台上的部署，包括模型量化、模型剪枝等技术
-负责智驾算法端到端性能优化，包括子图优化、算子优化、模型前后处理优化等技术
-与算法团队紧密合作，从性能/精度/部署成本等维度为算法团队提供输入和指标要求
-负责智驾整系统性能调试与优化，解决资源占用、资源竞争等问题，确保整系统达到上车指标
任职资格
-硕士5年以上工作经验，含2年以上AI高性能计算开发经验，且在GPU领域有2年以上开发经验
-熟练掌握C++/CUDA等编程语言，扎实的数据结构与算法能力，熟悉计算机体系架构等基础知识
-熟悉Xavier/Orin计算平台，熟练掌握TensorRT推理引擎，并有GPU/DLA算子开发经验者优先
-熟悉cuDNN、Cutlass等任一高性能算子库，并有相关开发经验者优先
-良好的发现问题、解决问题、团队协作和沟通能力。",更新于：2024-01-27
AI算法工程师(NLP方向),北京,20-25K·16薪,1-3年,本科,"计算机相关专业
NLP
AI算法",某大型企业服务公司,企业服务,100-499人,"岗位职责：
1. 从事自然语言处理、知识图谱等领域前沿算法的研究，探索人工智能技术的创新和落地应用；
2. 从业务场景和实际问题出发，利用自然语言处理和知识图谱技术，服务于UMU核心AI产品，如AI陪练、AI微课等；
3. 构建知识图谱平台，将智能服务的能力赋予更多的产品和用户。
任职责格：
1. 掌握自然语言处理、信息检索、深度学习理论，实现相关算法技术的落地和应用；
2. 掌握知识图谱相关算法，包括但不限于实体识别、关系抽取、语义消歧、实体链接、知识推理等算法模块研究与优化；
3. 责任心强，积极主动，有良好的沟通协调能力；
4. 本科及以上学历，计算机相关专业，社招1年以上NLP工作经验。",更新于：2024-01-26
AI算法应用专家,北京,60-90K,1-3年,本科,"C/C++
Python
算法工程化经验",某500强上市公司,电子商务,1000-9999人,"岗位职责：跟踪前沿AI算法进展，并将相应技术赋能到实际的业务场景中。
任职资格：
1. 计算机相关专业，本科及以上学历，2年以上工作经验； 2. 对常见AI任务有一定的实战经验，如意图识别、情感抽取、跨模态检索，并有扎实的理论基础和丰富的研发经验； 3. 对前沿的NLP和多模态技术有一定了解，如LangChain、DeepSpeed、BLIP2、Llama等，有实践经验更佳； 4. 在ICML、ICLR、NeurIPS、CVPR、ICCV、ACL、EMNLP、KDD、SIGIR、RecSys等有人工智能顶会论文发表者优先。",更新于：2024-01-27
遥感AI算法工程师,北京,18-25K·14薪,1-3年,本科,"大模型算法
Python
C/C++
算法
遥感
CANN",某铁路公司,铁路/船舶/航空/航天制造,20-99人,"岗位职责：
1. 参与遥感影像智能识别相关的产品研发，协助算法落地
2. 负责遥感业务的视觉感知算法的研发和迭代，研究卫星遥感影像中的物体检
测与分割算法
任职要求：
1. 熟悉 C/C++、Python，有良好的数据结构和算法基础；
2. 有遥感(光学或 SAR)图像处理经验；
3. 深刻理解机器学习、深度学习等相关知识，在目标检测、图像分割、视频分
析等相关领域具有丰富的实践或研究经验
4. 熟悉主流模型和算法，关注领域内的最新进展，能够跟进和实现新的算法;
5. 较强的算法设计和实现能力，熟悉 Caffe/TensorFlow/Pytorch 等训练框架。
6. 良好的团队合作，沟通和协作能力",更新于：2024-01-26
AI算法工程师(NLP方向)【No.001】,北京,25-50K·14薪,1-3年,本科,"计算机相关专业
自然语言处理项目经验
知识图谱相关经验",UMU,企业服务,100-499人,"岗位职责：
1. 从事自然语言处理、知识图谱等领域前沿算法的研究，探索人工智能技术的创新和落地应用；
2. 从业务场景和实际问题出发，利用自然语言处理和知识图谱技术，服务于UMU核心AI产品，如AI陪练、AI微课等；
3. 构建知识图谱平台，将智能服务的能力赋予更多的产品和用户。
任职责格：
1. 掌握自然语言处理、信息检索、深度学习理论，实现相关算法技术的落地和应用；
2. 掌握知识图谱相关算法，包括但不限于实体识别、关系抽取、语义消歧、实体链接、知识推理等算法模块研究与优化；
3. 责任心强，积极主动，有良好的沟通协调能力；
4. 本科及以上学历，计算机相关专业，社招1年以上NLP工作经验。",更新于：2024-01-26
ai算法工程师,北京·海淀区·北京大学,18-25K,经验不限,本科,Python,青鸟职业教育,培训/辅导机构,100-499人,"工作内容：1.针对职业技术培训领域大模型的特点和应用场景，设计并可以不断优化精进模型的prompt，并提升模型在特定任务的性能。
2.基于国内外最新研究成果，落地搜索增强、嵌入模型和VD的实现。
3.设计处置领域大模型评估方案并负责模型评估工作，确保大模型测评结果与实际场景体验一致。
4.辅助设计基于大模型的应用产品生态体系，例如智能文档，面试辅助等。
5.参与大模型应用领域相关产品技术方案的研究与创新，竞品的调研和分析，支持业务的快速迭代。
6.收集职业教育领域数据，收集ChatGPT、MidJourney等AI提示词并验证，以工程的方式进行管理。
7.协助产品经理完成部分产品工作，如用户访谈、竞品调研、课程内容规划研究等。
岗位职责：1.针对职业技术培训领域大模型的特点和应用场景，设计并可以不断优化精进模型的prompt，并提升模型在特定任务的性能。
2.基于国内外最新研究成果，落地搜索增强、嵌入模型和VD的实现。
3.设计处置领域大模型评估方案并负责模型评估工作，确保大模型测评结果与实际场景体验一致。
4.辅助设计基于大模型的应用产品生态体系，例如智能文档，面试辅助等。
5.参与大模型应用领域相关产品技术方案的研究与创新，竞品的调研和分析，支持业务的快速迭代。
6.收集职业教育领域数据，收集ChatGPT、MidJourney等AI提示词并验证，以工程的方式进行管理。
7.协助产品经理完成部分产品工作，如用户访谈、竞品调研、课程内容规划研究等。",更新于：2024-01-26
ai算法工程师,北京·海淀区·西三旗,11-17K,1-3年,本科,"深度学习
大模型算法
机器学习
风控算法
推荐算法
Python
优秀开源项目经历",中电金信软件有限公司,计算机软件,,"1、计算机、自动化、数学、统计等相关专业，掌握数据挖掘、算法开发相关的理论及方法。
2、拥有1-3年以上从事数据挖掘、算法开发相关工作的经验，参与过大型项目开展。如拥有1-3年以上在银行、证券、保险、互联网等行业的数据挖掘、算法开发项目经验者，可适度放宽年限要求。
3、了解Linux、ssh、git等、了解FastAPI、Flask、Django等后端框架，能将算法模型落地的经验者优先。
4、熟悉Sklearn、PyTorch、TensorFlow、Keras等主流深度学习框架，或有风控、营销、运营等方面组合建模工作经验者优先。
5、熟悉Nebular Graph、Neo4j等主流图数据库、以及相关图算法，做过图数据挖掘、风险传导、社交网络分析等经验者优先。
6、熟悉NLP相关技术、熟悉信息抽取等任务，了解ChatGLM、LLAMA等语言模型微调等经验者优先。",更新于：2024-01-27
ai算法,北京,20-25K·16薪,经验不限,本科,"生物医疗
CNN/RNN/LSTM
R
Shell",某大型医疗器械公司,医疗器械,100-499人,"1. 在眼科AI场景下，实践深度学习或机器学习算法，并针对特定任务进行优化。
2. 了解所需相关行业的前沿发展趋势，组织撰写相关技术文档及展示材料并输出相关专利。
3. （独立选项）该岗位可选择成为项目经理，专门负责产品需求、产品定义等工作。",更新于：2024-01-26
CV方向 AI算法工程师 国企正式编制,北京,20-40K,经验不限,本科,"业务导向
搜索/推荐
风控/反欺诈
语音/图像识别
Java
Python
C/C++
计算机相关专业
数学/统计相关专业
机器学习算法/工程化经验
CV算法工程师国企正编
AI算法工程师国企正编
算法国企正式编制",某大型互联网金融公司,互联网金融,500-999人,"工作职责
1. 负责人脸身份认证领域算法模型研发，包括但不限于：人脸活体检测、人脸识别、人脸质量评估、人脸关键点检测、 图像加密、图像处理等方向的深度学习模型实际研发经验，具有炫彩活检研发经验者优先。
2. 负责深度学习模型压缩、模型剪枝等研发工作，具有便携终端轻量级模型研发经验者优先。
3. 负责跟踪上述领域的先进技术及研发工作。
4. 负责相关算法模型的产线开发、验证、优化及维护等产线工作。
任职要求
1. 计算机相关专业，大学本科毕业，硕士及以上学历者优先。
2. 具有良好的代码能力，精通各类深度学习框架下，模型研发，熟练掌握Python、Java、C++等至少一种语言。
3. 具备快速阅读深度学习相关论文并理解算法的能力。
4. 针对上述人脸相关方向的深度学习建模具有3年及以上经验。",更新于：2024-01-26
ai算法工程师,北京·海淀区·西北旺,20-40K,经验不限,本科,"深度学习
机器学习
大模型算法
图像算法
自然语言处理算法
推荐算法
C/C++
Python
Java",华为云计算,互联网,10000人以上,"华为云安全团队招【机器学习/深度学习工程师】。
【语言不限】C、C#、C++、Java、Python、PHP、Go、Js、Objective-C任选其一。
【工作地点】北京、深圳，东莞，成都，杭州可选。
如有意向，欢迎咨询。",更新于：2024-01-27
ai高级算法工程师,北京,40-70K,经验不限,本科,"搜索/推荐
计算机相关专业
数学/统计相关专业
机器学习算法/工程化经验",某500强上市公司,基金,100-499人,"职位描述
工作职责：
1. 挖掘海量的金融数据，在特征提取、价格预测、组合优化等不同的应用场景实践你的机器学习算法；
2. AI前瞻领域预研与实验；
任职要求：
1. 熟悉任一机器学习分支领域（如统计学习，深度学习，强化学习，组合优化或其他相关前沿技术等）
2. 对量化行业感兴趣，并且有较强的工程实现能力
3. 计算机、数学、统计学或相关专业硕士或博士学位
4. 熟悉C++/Python/Go等一种或多种语言，扎实代码功底和实战能力
5. 熟悉至少一种深度学习框架：TF，pytorch等
PS：不要求金融背景，公司打造的研究框架让你可以迅速上手并专注于机器学习的应用
如果你有以下经历 ，将大大加分：
ACM/ICPC/NOIP/NOI等赛事获奖选手；
在计算机顶会或者顶刊有论文发表；
有中型以上规模的机器学习算法应用调优经验，如搜索/推荐/广告/图像；",更新于：2024-01-26
AI算法工程师（政务大模型）,北京·西城区·西便门,35-55K·15薪,经验不限,本科,"计算机相关专业
数学/统计相关专业",中移集成,通信/网络设备,1000-9999人,"岗位描述：
1、政务行业大模型训练数据的收集与梳理；
2、政务行业大模型的预训练与精调，行业专用模型架构设计与实现；
3、政务知识图谱的构建与维护，政务新闻政策信息抽取pipeline搭建；
4、政务大模型应用的工程化应用开发与对接，完成prompt工程开发，完成与外部知识库对接。
任职资格：
1、 计算机相关专业，硕士及以上学历；
2、 具有良好的代码能力，精通各类深度学习框架下，模型研发，熟练掌握Python、Java等至少一种语言，熟练掌握Pytorch、TensorFlow等深度学习框架；
3、 具备快速阅读深度学习相关论文并理解算法的能力；
4、有大模型训练经验者优先；
5、有政务行业人工智能应用经验者优先；",更新于：2024-01-26
AI算法实习生,北京·海淀区·苏州桥,9-12K,经验不限,本科,"无明显侧重
语音/图像识别
Python
TensorFlow/PyTorch
CNN/RNN/LSTM
计算机相关专业
数学/统计相关专业
有国际期刊/会议论文发表",驿心科技,互联网,,参与公司生成式人工智能相关研究和应用，工作能让包括并不限于：参与基于大语言模型的对话式产品研发和优化，如大模型训练及微调、加速优化等；参与公司AIGC类产品研发，如文生视频等多模态预训练及微调等。,更新于：2024-01-27
算法工程师(AI 风险与安全),北京·朝阳区·团结湖,30-40K,1-3年,本科,"深度学习
机器学习
大模型算法
AI风险与安全
算法安全
模型安全",普华永道中天会计师,投资/融资,10000人以上,"职位描述
1、通过蓝军演练评估 AI系统的安全性，挖掘和利用AI系统中的漏洞；
2、开发针对 AI系统的攻击以及漏洞挖掘工具和技术；
3、设计解决AI系统漏洞的技术和方案；
4、研究针对AI系统的新威胁，包括Prompt注入攻击的原理、实践和防御。
职位要求
1、有2年及以上AI安全相关工作经验，计算机、人工智能和信息安全等相关专业；
2、熟练掌握Python/C/C++，熟悉常用的AI开发框架，具有扎实的数据结构、算法设计和机器学习理论基础；
3、拥有AI系统漏洞挖掘、设计 AI系统保护方案、可解释性AI、及Al训练/推理框架设计的一项或多项经验；
4、拥有AI安全相关顶会论文者优先；
5、逻辑思考能力强，善于发现和解决问题，自我驱动。",更新于：2024-01-26
AI Agent算法工程师,北京·东城区·王府井,50-80K·13薪,经验不限,本科,"大模型算法
强化学习
Python
C/C++
优秀开源项目经历
团队管理经验
参加算法相关竞赛/获奖
Agent",昆仑天工,互联网,500-999人,"岗位职责：
1. 跟进工业界/学术界最新的大模型动态，特别是AI Agent方面的最新研究成果；
2. 参与前沿技术的技术研究和时间，对算法进行优化改进，提升系统的稳定性和性能；
3.和跨职能团队合作，包括产品、开发团队，确保按时交付高质量的Agent产品解决方案。
任职要求：
1. 统招本科及以上学历，计算机及相关专业，有较强的工程能力；
2. 有较强的自我驱动能力，能快速推进新任务的完成；
3.熟悉Agent技术领域最新的研究成果，有实际项目落地经验着优先。",更新于：2024-01-26
人工智能算法工程师 24年毕业解决北京户口,北京·朝阳区·国贸,15-25K,经验不限,本科,人工智能算法,北京烽火万家,通信/网络设备,100-499人,"岗位职责：
1. 根据业务实际需求，选择或设计相应的机器学习或深度学习的算法；
2. 对算法模型进行训练、评估和优化，例如迁移学习、参数优化等；
3. 负责模型所需数据、图片的收集；
4. 对模型进行工程化实现，与项目整体系统做集成。
岗位要求：
1.本科及以上学历，计算机、通信、数学等相关专业；
2.熟练掌握信号与系统基本理论和分析方法；
3.熟练掌握C/C++/MATLAB/Python；
4.有责任心，乐于学习并具有团队合作精神，及良好的沟通能力。",更新于：2024-01-26
ai算法工程师,北京·朝阳区·安贞,14-18K,经验不限,本科,"图像算法
Python",中嘉数创,广告/公关/会展,100-499人,"岗位要求：
1、计算机、数学、软件工程或相关专业硕士及以上
2、有扎实的基础知识与算法基础，熟练使用各种编程语言开发
3、了解常用机器学习、深度学习或数据挖掘等算法
工作内容：
1、全程参与软件项目的需求分析、设计、开发及测试等几个阶段；
2、整合并优化项目开发所需各种资源、技术架构，负责保障代码质量，软件项目的持续优化、改进工作;
3、确保服务器正常运行；
4、思考应用场景并提出新idea，结合实际业务场景制定合理解决方案；
5、主要包括但不限于：OCR、人脸识别，肢体识别、手势识别、目标检测、图像分割、图像识别、美颜特效、图像风格迁移等技术研发落地；
岗位要求：
1、本科以上学历，计算机相关专业；
2、熟练掌握C/C++、Python、java等编程语言至少一门编程语言；熟悉OpenCV，以及常用图像处理方法；
3、熟悉深度学习基础知识和经典网络模型，熟练至少一种深度学习工具，例如TensorFlow、PyTorch、PaddlePaddle等
4、熟练Java语言及各种主流框架如SpringBoot等主流框架，有熟悉前端技术，如小程序，Vue等前端技术框架者择优考虑；
5、熟练使用MySQL数据库，有SQL开发经验；
6、熟练liux的基本操作，如开机程序启动配置，shell脚本的编写；
7、有nlp、推荐相关经验者加分；",更新于：2024-01-27
AI算法/开发工程师,北京·海淀区·西北旺,55-85K·15薪,经验不限,本科,"大模型算法
自然语言处理算法
优秀开源项目经历",荣耀终端有限公司,消费电子,10000人以上,"工作职责
1、基于机器学习、深度神经网络等技术，构建人工智能服务模型，实现智能推荐、智能客服、智能助手等智慧服务领域的功能；
2、设计、开发和优化自然语言处理系统，实现语音识别、语义分析、自动问答等功能，提升智慧语音产品的性能；
3、开发计算机视觉算法，包括对象识别、场景理解、图像分割等，提升智慧视觉产品的识别和分类能力；
4、持续跟踪国内外最新的人工智能技术发展趋势，进行技术研究和探索，不断优化公司的人工智能产品和方案；
5、与其他部门紧密协作，包括产品、运营、销售等，进行技术支持和需求沟通，不断为公司的产品和服务提供高质量的技术支持。
任职要求
1、计算机科学、机器学习、统计学、应用数学等专业领域；
2、有良好的研究背景和成果，对算法研究兴趣浓厚，业务抽象能力强；具备创造性思维，能够将全新想法转化为工程应用；对研究工作充满热情，具备良好的团队合作精神和沟通能力；
3、具备较强的编程能力，精通主流编程语言，如C++ /Java /Python等。",更新于：2024-01-26
AI算法工程师-nlp方向,北京·海淀区·上地,25-40K·15薪,1-3年,硕士,TensorFlow/PyTorch,小白羽,移动互联网,100-499人,"岗位职责
设计和实现自然语言处理算法，包括文本分类、信息提取、情感分析、机器翻译等；
运用深度学习和传统机器学习技术，对大规模文本数据进行处理；
开发和调试基于PyTorch、TensorFlow等框架的NLP模型；
研究和实现基于ChatGPT、LLM等模型的文本生成算法；
分析和优化算法性能，提高算法的效率和准确性；
与团队成员紧密合作，协同完成项目。
岗位要求
1，计算机科学、人工智能、数学、统计学等相关专业的硕士以上学位；
2，有1-3年NLP领域相关经验，精通文本分类、信息提取、情感分析、机器翻译等算法；
3，熟练掌握Python语言，熟悉PyTorch、TensorFlow等深度学习框架；
4，有ChatGPT、LLM等模型开发经验，对NLP领域最新技术有深入了解；
5，熟练掌握常用的数据结构和算法；
6，具备良好的沟通能力和团队合作精神。
加分项
发表过相关领域的论文；
有良好的英语阅读和撰写能力；
有工业界经验，能够快速适应团队的开发环境和工作流程；
对于自然语言处理领域的未来发展有深入的认识和思考。",更新于：2024-01-27
AI算法工程师（NLP方向）（央企正编）,北京,40-50K,经验不限,硕士,"AIGC
chatGPT
知识图谱",某通信公司,通信/网络设备,,AIGC，chatGPT，知识图谱，将同一副影像中的AI告警事件进行归并整合、告警压制、告警升级等处理。,更新于：2024-01-27
AI高级算法工程师,北京,35-65K,经验不限,本科,"Java
C/C++
Python",某大型社交网络公司,社交网络,100-499人,"1、利用 NLP 技术在大量文本中进行数据挖掘及文本处理，包括文本相关性模型、命名实体识别等
2、承担预训练模型的训练、开发和调优工作,包括但不限于:prompt 设计、大模型 finetuning、大模型训练
3、紧跟前沿 NLP 生成技术，解决实际应用场景中的内容生成问题
4、负责对话系统平台搭建和研发工作
5、负责业内先进的语音合成算法研究，探索个性化TTS、情感化TTS、风格化TTS等前沿技术
职位要求
1、计算机相关专业硕士、博士或者优秀本科
2、熟练掌握 Python/C++/Java 中至少一门语言，熟练掌握 tensorlow/pytorch/keras 等深度学习框架
3、熟悉 BERT系列以及GPT 系列等预训练模型，熟悉 Transformer 等深度学习模型，熟悉主流文本生成的原理和方法，有结合业务的落地经验者优先
4、熟悉vits系列模型、Edge-TTS、Bert-vits2、声码器、fastspeech等模型或者开源库
5、过往有参与过大型对话系统、大横型训练和部罢经验者优先
6、有 ACL、EMNLP、ICLR 等会议论文发表者优先
7、良好的自驱力，较强的团队合作精神",更新于：2024-01-27
ai算法工程师,北京,14-22K,1-3年,本科,"大模型算法
机器学习
自然语言处理算法
Python
算法工程化经验
参加算法相关竞赛/获奖
优秀开源项目经历
AI算法",维恩贝特,计算机软件,500-999人,"职责描述：
1、承担大数据分析与机器学习融合方案的软件设计、模型选型与代码开发；
2、参与AI框架的研究和搭建，完成相关算法的验证与开发工作。
专业技能：
1、计算机、应用数学、人工智能、统计学等相关专业，本科及以上学历；
2、熟悉Python等开发语言，熟悉主流机器学习算法，如xgboost,lightgbm,randomforest等；
3、具备AI相关的知识，熟悉机器学习和深度学习的相关内容，熟悉numpy,pandas,sklearn，conda；
4、熟悉常用的开发和代码管理工具使用，如git,pycharm,jupyter等；
5、有银行业机器学习模型开发者优先。",更新于：2024-01-26
AI算法工程师,北京·朝阳区·朝阳公园,20-30K,1-3年,本科,"研究导向
Python
机器学习算法/工程化经验
计算机相关专业
深度学习经验
人工智能
Prompt Engineering
Finetune",时光乐章,医疗健康,20-99人,"公司简介：
时光乐章成立于2023年，背靠消费、文娱产业巨头，致力于打造 AI+心理健康用户服务体系。创始团队汇聚老牌产业大佬、心理学领域顶级权威、AI 领域国际顶尖科学家、VR/AR 知名企业创始人、管理咨询和私募股权投资等领域资深人士。
我们正在招聘一名专注于大语言模型（LLMs）的AI算法工程师加入我们的团队，该职位将直接汇报给CTO（AI领域顶尖科学家）。
职责：
1.使用大语言模型API进行应用程序开发
2.对LLMs执行提示工程微调，针对特定任务优化模型性能
3.熟悉大模型的主流multi-agent框架
4.熟知大模型的主流微调算法及向量数据库
5.负责技术文档的开发和维护，包括设计文档、用户手册以及故障排除指南
要求：
1.持有国内外一流院校计算机科学、数据科学、机器学习、人工智能或相关领域的学士或硕士学位
2.具备强大的Python编程能力，并有使用大模型API的经验
3.有产品上线经验者将被优先考虑
4.出色的问题解决能力，能独立完成任务，同时也能融入团队合作
5.优秀的沟通及人际交往技巧
关于福利：
1.足额缴纳五险一金。
2.试用期薪资全额发放。
3.上下班不打卡，自觉工作。
4.公司snack corner，无限零食随便吃。
全员搞笑精英，快来和我们一起来碰撞火花吧！！",更新于：2024-01-26
AI高级算法工程师,北京·朝阳区·望京,30-60K·13薪,经验不限,本科,"大模型算法
自然语言处理算法
分布式训练
SQL
参加算法相关竞赛/获奖
发表算法相关优秀论文",伊对,社交网络,100-499人,"职位描述
1、利用 NLP 技术在大量文本中进行数据挖掘及文本处理，包括文本相关性模型、命名实体识别等
2、承担预训练模型的训练、开发和调优工作,包括但不限于:prompt 设计、大模型 finetuning、大模型训练
3、紧跟前沿 NLP 生成技术，解决实际应用场景中的内容生成问题
4、负责对话系统平台搭建和研发工作
5、负责业内先进的语音合成算法研究，探索个性化TTS、情感化TTS、风格化TTS等前沿技术
职位要求
1、计算机相关专业硕士、博士或者优秀本科
2、熟练掌握 Python/C++/Java 中至少一门语言，熟练掌握 tensorlow/pytorch/keras 等深度学习框架
3、熟悉 BERT系列以及GPT 系列等预训练模型，熟悉 Transformer 等深度学习模型，熟悉主流文本生成的原理和方法，有结合业务的落地经验者优先
4、熟悉vits系列模型、Edge-TTS、Bert-vits2、声码器、fastspeech等模型或者开源库
5、过往有参与过大型对话系统、大横型训练和部罢经验者优先
6、有 ACL、EMNLP、ICLR 等会议论文发表者优先
7、良好的自驱力，较强的团队合作精神",更新于：2024-01-27
"气象AI算法
工程师",北京·海淀区·中关村,20-25K,1-3年,本科,"Python
计算机相关专业
数学/统计相关专业",锦华正航,其他专业服务,0-20人,"（1）负责气象AI大语言模型的研发工作，包括多模态数据预处理、自然语言处理、模型设计、训练、优化和应用等。
（2）负责气象AI大语言模型的训练数据预处理和标注，以及模型训练、评估和调优等工作。
（3）根据实际应用场景，优化模型性能和精度，提高模型在气象预报和气候变化预测等方面的准确性和实用性。
（4）负责气象AI大语言模型在多场景下的应用和推广，为相关部门和领域提供专业支持和解决方案。
（5）负责技术需求文档的撰写和审核，以及与客户的沟通、协调和合作等工作。
（1）具有本科及以上学历，计算机、数学、统计学等相关专业，具备气象领域相关研究经验者优先考虑。
（2）2年以上人工智能研发经验，熟悉自然语言处理、机器学习、深度学习及神经网络等相关知识，并具有实际项目经验，对各种算法和模型有深入理解；
（3）熟练掌握Python等编程语言，具备扎实的数据分析、挖掘和处理能力。
（4）熟悉常用的机器学习框架和工具，如Scikit-learn、TensorFlow、PyTorch、Transformers等。
（5）熟悉气象领域相关技术趋势和应用场景，了解AI大语言模型在气象领域的应用优缺点。
（6）主动性和责任心强，服从工作安排，有良好的团队合作精神，善于沟通,较强的需求理解能力。",更新于：2024-01-16
AI算法工程师(CV方向),北京,70-100K,经验不限,本科,"深度学习
图像算法
C/C++
MATLAB
CV算法
人脸识别
肢体检测",某大型企业服务公司,企业服务,100-499人,"985 211 大厂优先
岗位职责
1. 负责人脸识别和肢体检测相关算法的持续优化迭代；
2. 了解跟进AI/CV技术进展，推动CV算法在实际应用场景中落地。
任职要求
1. 统招本科及以上学历，计算机、数学、自动化等相关专业；
2. 具有扎实的图像处理和机器学习优化算法基础，有目标检测、关键点检测等方向项目落地经验，有模型部署相关经验；
3. 具有良好的计算机基础和编程能力，熟练使用Python语言，熟悉PyTorch/TensorFlow等深度学习框架，熟悉C/C++，有Linux平台下的开发经验；
4. 具有优秀的分析问题和解决问题的能力，具有良好的沟通能力和团队协作能力。",更新于：2024-01-26
高德—AI视觉算法工程师,北京·朝阳区·来广营,25-50K·16薪,1-3年,本科,"视觉
视频
人脸",高德地图,互联网,1000-9999人,"职位描述：
1. 负责3D、2D人脸/人体建模或生成，包括不限于视频、文本、语音驱动人脸表情，肢体动作生成/表情生成/人脸编辑，风格迁移等；
2. 追踪业界前沿算法，推动AI视觉算法在业务场景中落地并持续优化迭代算法效果；
职位要求：
1、2年及以上视觉、视频、脸部重建或人体重建等方面直接工作经验；
2、具有图像处理相关工作经验,熟悉人脸/肢体生成,语音/文本驱动表情/动作等算法等方向；
3、熟悉主流GAN、diffusion model、nerf等算法；有相关算法落地应用优先；
4、掌握TensorFlow,PyTorch等开源工具中的一种及以上；
5、在相关国际会议或主流期刊CVPR/ICCV/ECCV/NeurIPS/SIGGRAPH/PAMI/IJCV/TIP等上发表论文者优先；
6、具有良好的逻辑思维能力,较强的沟通、学习、团队协作能力,对工作充满热情；
7、较好的算法模型深度优化能力，包括不限于模型结构优化、模型创新、loss设计、超参优化、多卡训练、推理加速、模型蒸馏等。",更新于：2024-01-26
杭州-NLP算法工程师（线上、p5-7）,北京,20-40K,1-3年,本科,"深度学习
机器学习
搜索算法
推荐算法
自然语言处理算法
Python
Java
C/C++",某500强上市公司,互联网,10000人以上,"工作职责
1负责机器学习、深度学习领域前沿核心算法的研究
2.负责知识图谱、图表征学习等KG技术研发，建设特色货盘专业化领域知识体系;
3.负责类GPT等AIGC新技术探素，推动相关应用落地;
4.负责创新技术(例如3D、数字人等)应用研究，逐步优化并推动在业务侧落地，提升用户体验和转化:
5.深入业务，理解数据，站在用户视角挖掘机会点，赋能业务高效运转。
任职要求
1.计算机、电子信息、自动化、人工智能、应用数学等相关专业者优先
2.具备丰富的机器学习、深度学习、知识图谱、AIGC等研究经验者优先
3.熟悉深度学习基本理论，熟悉编程/脚本预言: Python、Java、C/C++，熟练使用PyTorch、TensorFlow等框架
4.有顶会论文发表、国际竞赛参赛经验和优秀开源项目主要员献者优先",更新于：2024-01-27
NLP,北京·朝阳区·国贸,15-30K,1-3年,本科,"Java
C/C++
Python
计算机相关专业
自然语言处理项目经验
人机对话相关经验
NLP
自然语言处理
模型训练",微著丰融,互联网,,"职位描述
1、负责文本生成、文本摘要、实体命名等自然语言处理算法的研发和调优；
2、负责算法的优化与工程化实现，并满足实际业务场景中的应用；
3、负责NLP前沿问题的研究，包含开放域对话机器人方向、自然语言生成方向，通过实际应用场景，提供技术解决方案及技术规划；
4、通过对模型技术的研究分析，开展所需数据的分析，以及标注体系(Prompt/RLHF等)和实施方案设计，为模型技术研发和应用落地提供支撑。
岗位要求:
1、本科及以上学历，计算机、软件、信号处理、自动化、应用数学等相关专业，有NLP、深度学习、机器学习相关研发相关工作经历优先；
2、具备NLP领域的词法、句法、语法、文本分析方面基础算法能力，有自然语言处理、大数据、机器学习、深度学习或相关领域的实践经验；
3、具有较强的英文文献阅读及调研能力；
4、熟练使用C++/Java/Python，熟悉 Linux开发环境和shell，熟悉主流深度学习工具Pytorch；
5、具备NLP大模型训练经验者优先，如BERT、 GPT等LLM等相关经验；
6、具备多模态AIGC大模型训练经验者优先；
7、具有良好的沟通能力和团队合作精神，认真负责，较强的逻辑思维能力。",更新于：2024-01-27
大模型nlp,北京·海淀区·双安,25-45K,经验不限,本科,"TensorFlow
PyTorch
自然语言处理项目经验
知识图谱相关经验",彩智科技,计算机软件,100-499人,"岗位职责：
1. 基于大模型在行业应用场景上的探索和落地。
2. 针对行业应用场景，结合实际数据实现对大模型的训练、微调和定制化开发。
3. 参与算法工程和部分后端工程的迭代开发。
岗位要求：
1. 熟练掌握Python编程语言。
2. 对NLP主流大模型如GPT/T5/LLaMA/ChatGLM等的原理有深入的理解，能够完成相应的训练和微调工作。
3. 熟练掌握主流深度学习框架如pytorch、tensorflow等，具有工程化的经验的优先。
4. 有过大模型训练调优实际经验或发表过大模型相关的人工智能顶会论文优先。
5. 在校博士研究生（以实习生身份）、应届毕业的博士研究生 和 具有工作经验的人员均可。",更新于：2024-01-27
NLP算法工程师,北京·海淀区·回龙观,25-40K·15薪,1-3年,本科,"NLP
智能决策
多模态",滴滴,移动互联网,1000-9999人,"滴滴最核心的业务中台，负责出行生态交易系统算法优化与体系搭建，拥有海量原始出行特征数据和丰富的业务场景。在这里你有机会接触和创造最先进的治理和安全生态算法，用自己的算法守护每一次出行体验。我们的使命是用智能化赋能，提升司乘运营、体验、安全的效率效果。非常期待你的加入，我们一起探索交易生态领域业务解决方案，共同定义行业领先的治理和安全生态算法体系。
工作职责具体包括：
司乘交易生态治理与安全策略优化，构建多模态策略模型，提升治理安全算法准确性和召回率，保障出行体验与安全，降低交易生态成本。
生态算法体系底层能力建设，深耕模型可解释性，探索zero-shot&few-shot建模，LLM应用和策略评估方法，构建生态智能决策链路 。
职位要求：
机器学习、计算机相关专业，对机器学习基础算法有深入理解，如特征工程，LR，GBDT，Transformer，GPT 等。
在NLP、CV、语音等任一方向有1.5年以上的实际应用算法优化经验者优先。
严密的逻辑推导能力，清晰的表达能力，敏锐的业务sense ，能够独立从海量数据中发现、定位、归因、解决以及验证问题。
熟悉python，hadoop/hive/spark，linux开发环境，熟悉常见的数据结构，具备扎实动手能力。",更新于：2024-01-27
NLP算法工程师,北京·海淀区·上地,6-10K,1-3年,本科,"语义理解
推荐算法
多模态算法
Python
深度学习
大模型算法
机器学习
人机对话相关经验
PyTorch
PythonPyTorch",河北南昊,计算机软件,100-499人,"岗位职责：
1. 负责设计、开发和优化各种自然处理算法，用于处理与教育相关的文本数据；
2. 设计和实现高效的算法和模型，以解决教育领域的挑战；
3. 开发和优化自然语言处理相关算法，包括文本分类、命名实体识别、序列标注、关系抽取、文本生
成等；
4. 对算法进行优化和调参，保证算法的高效性和稳定性。
任职要求：
1. 本科以上学历，数学、计算机、自动化相关专业；
2. 掌握常用的深度学习框架之一（TensorFlow, PyTorch, PaddlePaddle等）；
3. 熟悉Transformer、Bert、GPT等自然语言相关主流算法；
4. 对大语言模型（ChatGPT, GPT4.0, Claude2等）有一定了解和实际应用经验者优先考虑；
5. 对具有使用LoRa或QLoRa对大语言模型进行微调经验者优先考虑。",更新于：2024-01-27
nlp算法,北京,15-30K·15薪,经验不限,本科,"C/C++
大模型算法
算法工程化经验
nlp",某大型知名移动互联网上市公司,移动互联网,10000人以上,"工作职责:
1、负责认知智能及自然语言处理核心算法研究与开发，
2、负责NLP任务的相关调研、数据分析、模型训练、效果分析优化等工作:
3、从事公司相关产品和系统中自然语言处理及认知智能功能的效果保障、持续优化;
任职要求:
1、重点大学及以上学历，计算机、信号处理数学、软件工程、电子与通信、自动化等相关专业，
2、 英语六级以上，具备中英文学术论文的调研能力。具备NLP领域实际项目经验，做为项目的主要负责人员3进行过相关产品的研发，对深度学习、自然语言处理、大数据等相关领域的最新进展、横型、算法有深刻理解和实捍经验
4、熟Python、C++等编码语言中至少一种，熟悉Linux下的编程开发环境，熟悉数掘结构及常见算法，
5、具备深度学习、强化学习、知识图谱方面的研究经验和基础;同时熟悉pytorch等主流深度学习框架，并具备模型训练调参等相关经验;
6、具有良好的沟通能力和团队合作精神，认真负责，较强的逻辑思维能力，沟通能力较强，责任心强，吃苦耐劳，能主动积极地面对工作，具备对AI研发及应用落地产业化的强烈热情;
7、认真负责，拥有较强的逻辑思维能力，沟通能力较强责任心强，吃苦耐劳，可接受长期出差",更新于：2024-01-27
自然语言处理（NLP）算法工程师【No.003】,北京,20-40K·14薪,1-3年,本科,"C/C++
Python
TensorFlow
计算机相关专业
自然语言处理项目经验",UMU,企业服务,100-499人,"岗位职责：
1. 语音特征识别，文本分词、语义识别, 情感分析
2. 词汇挖掘实体识别, 知识图谱的建模
3. 探索前沿技术并应用
任职资格：
1. 统招本科及以上学历，数学、计算机相关专业，985院校优先考虑；
2. 机器学习、有深度学习经验，了解RNN，LSTM原理，了解自然语言处理常用算法；
3. 熟悉C/C++、Python语言，熟悉Linux编程；
4. 了解语音识别原理, 有过项目实践优先
5. 有强烈技术热情, 数学功底扎实，良好的逻辑思维能力；
6. 熟练使用Tensorflow， 分布式训练。",更新于：2024-01-26
NLP/结构化工程师,北京·海淀区·上地,15-28K·13薪,1-3年,本科,NLP,易道博识,移动互联网,20-99人,"工作职责：
1、利用CV和NLP等深度学习技术，对视觉信息丰富的文档进行版式分析和结构化处理，提取出所需的信息；
2、使用NLP技术，对文本数据进行分析和处理，包括但不限于情感分析、关键词提取、文本分类、长文本信息抽取等；
3、负责模型的开发、测试、优化和部署，包括但不限于图神经网络、Transformer、大规模预训练语言模型等；
4、参与项目开发，协助业务团队实现具体业务目标。
任职要求：
1、统招一本及以上学历，计算机相关专业；
2、具备CV和NLP的知识，熟悉mask-rcnn、词向量、文本分类、序列标注、问答任务、Transformer、bert、图神经网络等相关技术；
3、熟练掌握Python编程语言及相关库，如NumPy、PyTorch等；
4、具备良好的团队合作精神、沟通能力和学习能力；
5、1-3年相关经验。",更新于：2024-01-26
nlp算法工程师,北京·海淀区·安宁庄,30-50K·15薪,1-3年,本科,"自然语言处理项目经验
nlp
大模型
自然语言处理",金山云,互联网,1000-9999人,"职位描述
- 大语言模型训练、精调，使大模型效果在垂直领域的智能客服、知识库、办公助手等场景行业领先
- 解决大模型生成内容的可控可信度不足、推理效率低的问题
- 协同工程化和业务团队，实现大模型在业务场景的落地
职位要求
- 计算机相关专业本科以上学历，且有良好的代码开发能力
- 对Transformer架构有深入理解，熟悉NLP主流大模型如GPT3/LLaMA/GLM
- 熟悉主流的大模型精调方法，如Prefix Tuning、Prompt Tuning、LoRA、RLHF等
- 熟练掌握主流深度学习框架pytorch/tensorflow，大模型训练框架Megatron-LM/Deepspeed等多机多卡方案
- 熟悉常见的模型加速和小型化技术，如量化/剪枝/蒸馏等
- 有百亿/千亿参数大语言模型训练调优经验的优先
- 发表过大模型、机器学习、深度学习等相关研究AI顶会论文优先
- 有开源项目开发经验优先",更新于：2024-01-27
NLP算法工程师,北京·海淀区·学院路,15-30K·16薪,经验不限,本科,"对话系统
语义理解
文本生成
Python
分布式训练
并行计算
大模型算法
机器学习
深度学习
算法工程化经验
模型加速/性能优化
团队管理经验",白熊智数,计算机软件,20-99人,"工作职责:
1.负责设计、开发和维护基于大型语言模型的机器学习应用。
2.进行大语言模型训练、调优和评估，以提高模型的性能和准确性。
3.使用先进的机器学习和自然语言处理技术处理大规模数据集。
4.与数据科学团队合作，理解和转化业务需求为有效的模型解决方案。
5.参与算法研究，探索新的机器学习技术和方法，编写和维护清晰、高效、可重用的代码。
6.持续跟进机器学习领域的最新发展，将新技术应用于项目中。
岗位要求:
1.硕士及以上学历，计算机科学、人工智能或相关领域。
2.精通Python语言和主流机器学习库（如PyTorch等）。
3.熟悉最新的并行化优化框架（如Megatron、DeepSpeed、Colossal等）
4.熟悉Git的使用。
5.深入了解自然语言处理和大型语言模型（如GLM、Llama等），至少具有一种商业大模型的使用经验（如ChatGPT）以及Prompt工程经验。
6.至少具有一种开源大模型的训练、开发、部署经验（如GLM、Llama等）。
7.有处理和分析大规模数据集的经验，能够独立进行机器学习项目的设计和实现。
8.能够持续追踪最新SOTA论文，并具有熟练的复现能力。可以流畅阅读英文论文。
9.具备良好的算法和数据结构知识，良好的团队合作精神和沟通能力。
10.有项目管理经验或主导过任意项目。
加分项:
1.博士及以上学历、具有海外名校留学经历。
2.在顶级会议或期刊上发表过相关论文。
3.有使用云平台（如AWS、Azure）进行大规模机器学习训练的经验。
4.对模型优化和资源管理有深入理解，具有过相关实践经验。
5.对最新的机器学习趋势有深入的了解和研究。
你将获得：
1.哈工大青年博士团队，参与各类企业大模型应用项目，了解最新技术及学术进展和行业落地情况！
2.团队平均年龄25岁，轻松活泼，氛围好，效率高，拒绝职场PUA，拒绝无效加班！
3.独立负责项目，表现优异者未来三年将获得至多60万股期权激励！
4.成为早期创始团队一员，伴随企业一同成长并获得出国外派工作机会！
5.根据具体产出，工作期间可发表相关学术论文！",更新于：2024-01-26
nlp对话机器人,北京·丰台区·刘家窑,15-30K,经验不限,大专,"对话系统
机器翻译
C/C++
分布式训练
Python
机器学习
优秀开源项目经历",北京国科慧信信息技术,广告营销,0-20人,"【 注意：要有多轮对话模板的开发经验 ，要有机器人对话开发经验 】
岗位描述：
1、负责NLP技术和机器人对话开发在人机对话、自动问答以及语义理解等方向上的研究和开发，应用于系统。
2、探索自然语言和机器人对话开发、探索新技术在业务中的落地和创新，并迅速进行转化；
任职要求：
1、计算机和机器人对话开发、模式识别、数学、自然语言处理、人工智能、机器学习等相关专业；
2、至少1年以上自然语言处理和机器人对话开发相关经验，熟悉自然语言处理、机器学习、深度学习、强化学习等相关算法，对自然语言处理方向有较深和全面的认识；
3、有深度学习和机器人对话开发、问答系统、知识图谱、文本分析等实际项目经验，熟悉深度学习在自然语言处理方向的相关算法和框架；
4、具备良好的编程能力和机器人对话开发，至少熟练掌握C、C++、c#、Python、java中的一门或多门语言，掌握数据结构和算法设计；
5、能做多轮对话模板规划和机器人对话开发和自觉跟踪发展现状，理解算法原理，并进行落地实现；
6、如果具有如下加分项者优先
（1）参与自然语言处理和机器人对话开发开源项目的开源项目者优先；
（2）对开源项目和机器人对话开发有应用到生产环境的优先；
（3）能快速架设和机器人对话开发上述项目测试的优先；
（4）在自然语言和机器人对话开发、机器学习、模式识别等领域有自己高质量博客者优先；
（5）有带领团队项目开发经验者优先；",更新于：2024-01-26
nlp研究员,北京·海淀区·中关村,20-40K·15薪,经验不限,本科,"大模型算法
多模态算法
对话系统
文本生成
Python
C/C++",SenseTime,计算机软件,1000-9999人,"岗位职责：
1. 负责细分领域业务的语言模型训练，完成相关算法开发，提升用户交互体验。
2. 解决语言大模型在业务场景面临的技术问题，端到端优化整体pipeline。
3. 研究领域内最新的科研成果，结合业务需求进行数据构建、模型压缩、模型研发等相关工作。
岗位要求：
1. 对NLP主流大模型的原理和差异有深入的理解；
2. 优秀的算法和编程能力，精通C++或Python等；熟悉主流深度学习工具PyTorch/TensorFlow/Caffe等；
3. 熟悉常见的模型小型化技术，如量化/剪枝/蒸馏等，掌握至少一种模型Finetune的原理并实际使用过;
4. 具有很好的表达能力，很好的抗压能力和团队合作能力；
5. 计算机，数学，统计学或相关专业，有顶会论文优先",更新于：2024-01-26
NLP工程师,北京·西城区·西直门,25-50K·13薪,经验不限,本科,"Java
C++
Python
TensorFlow
PyTorch
Caffe
文本分类
实体识别",沃丰科技,互联网,500-999人,"岗位职责
1.负责智能机器人的技术研发，包括但不限于语义相似度计算、实体抽取、 意图识别、知识图谱等
2.与业务部门密切沟通，完成相应算法的开发上线
3.参与NLP中台能力建设,包括但不限于短文本分类、相似度计算、实体识别等
任职要求
计算机相关专业本科以上学历
熟悉Linux系统，熟悉 Python/Java/C++ 等至少一种编程语言；
熟悉TensorFlow/Torch/Caffe等深度学习框架之一
熟悉常用的NLP相关算法，包括但不限于LR、CRF、TextCNN、DSSM、Bert等
良好的团队合作精神，较强的沟通能力",更新于：2024-01-27
nlp高级算法工程师,北京·朝阳区·奥运村,15-30K,1-3年,本科,"搜索算法
推荐算法
语义理解
Python
机器学习
大模型算法
优秀开源项目经历
发表算法相关优秀论文
算法工程化经验
标讯数据分析处理",神州泰岳,计算机软件,1000-9999人,"职位：NLP算法工程师
职位描述：
我们正在寻找一位热衷于自然语言处理（NLP）领域的算法工程师，负责开发和优化我们的NLP算法和模型。作为NLP算法工程师，您将与团队合作，设计和实现创新的NLP解决方案，以解决各种自然语言处理任务，如文本分类、命名实体识别、情感分析、机器翻译等。
职责和职能：
- 研究和理解最新的NLP算法和技术，并将其应用到实际项目中。
- 设计和实现NLP模型和算法，包括文本预处理、特征提取、模型训练和评估等。
- 优化和改进现有的NLP算法和模型，以提高性能和准确性。
- 分析和解决NLP任务中的挑战和问题，如数据稀缺、语义理解、多语言处理等。
- 参与团队的技术讨论和决策，与其他工程师和研究人员合作，推动项目的进展。
- 跟踪和评估NLP领域的最新研究和发展，保持对行业趋势的了解。
技能和要求：
- 熟练掌握自然语言处理的基本概念、算法和技术。
- 具备扎实的编程能力，熟悉Python等常用编程语言。
- 熟悉主流的NLP工具和库，如NLTK、spaCy、TensorFlow、PyTorch等。
- 具备数据处理和分析的能力，熟悉常用的数据处理工具和技术。
- 具备良好的问题解决能力和团队合作精神，能够在快节奏的工作环境中高效工作。
- 具备良好的沟通能力，能够清晰表达和解释复杂的技术概念。
教育和经验：
- 计算机科学、人工智能、自然语言处理或相关领域的硕士或博士学位。
- 在NLP算法开发或相关领域有2年以上的工作经验，有相关项目经验者优先考虑。
- 在学术界或工业界发表过相关领域的论文或专利者优先考虑。",更新于：2024-01-27
NLP算法研究员-AIGC方向,北京·东城区·王府井,35-65K·13薪,1-3年,本科,"Python
PyTorch
TensorFlow
强化学习
NLP",昆仑天工,互联网,500-999人,"【工作内容】
* 跟进AI生成模型的最新动态和应用，结合自研产品需求，深度参与公司中文大规模预训练模型研发，包括架构设计、训练、微调和推理等环节的系统性研究，并从prompt优化、模型finetune等方面优化AI文字生成的效果。
【岗位要求】
* 较强的算法实现能力，熟悉深度学习平台如tensorflow，pytorch等；
* 熟练掌握NLP、ML基础理论和算法，在一个或多个领域能够独立开展研发工作，有NLP方向落地经验优先；
* 在预训练模型领域深耕过，对前沿的预训练模型相关研究掌握清楚，熟悉如GPT-3、BLOOM、LaMDA、DialoGPT、InstructGPT或等同规模LLM的实战经验优先；
* 具有应用大规模神经网络解决相关实际问题的实践经验，能够针对适当的数据和模型的表现，选择恰当的调参、训练任务选择、训练数据增强、目标函数变化等策略来确保超大型模型的训练成功率，并且能够解释策略背后的直觉来源并用严格的数据验证自己的假设。",更新于：2024-01-27
智能写作-NLP算法工程师,北京·通州区·通州西门,25-50K,1-3年,本科,"Python
TensorFlow
PyTorch
深度学习算法",创阅,音乐/视频/阅读,100-499人,"岗位职责：
1.在文本摘要、语言模型、信息抽取等任务中，进行训练数据清洗、模型训练、参数调优；
2.帮助作者建立AI写作模型，并针对编辑业务做模型设计。
任职要求：
1. 机器学习、自然语言处理等方向本科以上学历，有小说智能写作研发经验优先；
2. 机器学习/自然语言处理算法有较好广度和一定深度，对文本生成、知识嵌入语言模型、机器翻译等一个或多个领域有研究或从业经验者优先；
3. 熟练使用深度学习常用开发框架Scikit-learn、Pytorch、TensorFlow，精通 Python/Java/C++ 至少一门语言，有扎实的代码功底并且有一定的数据处理经验；
4. 有良好的沟通能力，有目标意识自我驱动，对前沿技术的持续学习保持热情，乐于接触新场景。
关键词：深度学习算法 、Python、TensorFlow、PyTorch、 聊天机器人、实体识别、信息抽取、序列标注。",更新于：2024-01-27
nlp算法工程师,北京,30-60K,经验不限,本科,"意图挖掘
文本生成
语义理解
Python
机器学习",某大型知名移动互联网公司,移动互联网,,"岗位描述：
1、开发及优化NLP算法，探索LLM等前沿NLP技术并应用于智能问答，内容创作等场景:
2、针对海量文章、用户数据进行深度挖掘: 应用于热点发现，事件抽取等;
3、与产品和业务团队紧密合作，实现模型在搜索，交易，内容创作等场景的落地;
4、负责基础能力建设，针对特定场景搭建NLP基础组件: 摘要，分词，细粒度情感识别等
岗位要求：
1、计算机、软件相关专业，统招本科及以上学历，具有3年及以上NLP相关经验，有LLM，智能问答，内容生成相关经验优先:
2、熟悉Linux操作系统，掌握至少一门编程语言: Pvthon/C++等，具有优秀的工程实践能力，了解服务端技术，
3、熟练掌握TensorFlow/PyTorch等主流机器学习框架，了解常见推理优化技术，有分布式训练经验;
4、能够深入了解NLP领域热点和前沿技术，熟悉GPT系列/BERT等模型原理，能够利用算法解决实际业务问题
5、对数据敏感、有良好的逻辑思维及沟通协作能力。",更新于：2024-01-27
人工智能 NLP工程师,北京·朝阳区·南磨房,20-40K·13薪,1-3年,本科,"DALLE、Midjourney
ChatGPT模型
StableDiffusion",上海美踏全宇数字科技,互联网,100-499人,"岗位职责：
1、承担基于GPT系列或者其他开源大模型的开发和调优工作，包括训练流程搭建、指令微调、Prompt工程以及面向下游任务的效果优化等；
2、负责语料库的采集、整理和数据制作，以满足模型训练需求，掌握数据增强和降噪技术；
完成大规模预训练模型在游戏、影视等细分领域的落地，支持业务目标提升;
3、紧跟业界大模型进展，探索前沿技术，解决实际问题，包括智能问答、图文内容生成等；4、与其他团队密切合作，包括数据工程师、前后端工程师、产品经理等，实现高质量的产品和解决方案。
任职要求:
1、2年以上相关工作经验， 计算机、人工智能、数学等相关专业研究生学历，优秀者可放宽至本科，有相关方向论文者优先；
2、熟悉NLP主流大模型，如ChatGPT/T5/PaLM/LLaMA/GLM等,对模型背后的原理和各自适用场景有深入的理解。有大模型预训练经验,熟悉相关技术细节和优化策略，如大规模语料收集、模型调优优化、自弱监督学习、强化学习等；
3、有小样本学习 (Few-shot learning)、提示学习(P‘rompt learning)等相关技术经验；
4、有扎实的自然语言处理理论和方法基础，掌握自然语言主要算法模型，具备对Transformer架构及其变体的深入理解；
5、熟悉常见的自然语言处理任务，如文本生成、语义理解、实体识别、知识抽取等；
6、扎实的编程基础：掌握至少一种开发语言如 Python、C、C++等，有基于PyTorch等深度学习框架的实战项目经验；
7、具备良好的数据预处理和数据分析能力，熟悉主流数据处理工具如pandas、NumPy等；
8、具备较强的团队协作能力和沟通能力，有较强的学习能力和业务分析及问题解决能力。
9、关注AIGC领域的业界最新动态，了解 DALLE、Midjourney、StableDiffusion等前沿技术；
10、有CV、多模态项目经验。",更新于：2024-01-26
NLP工程师,北京·朝阳区·望京,12-18K,1-3年,本科,"Python
深度学习
大模型算法
算法工程化经验",Syntronic,通信/网络设备,500-999人,"工作概要：
- 研究和开发自然语言处理算法（文本分类，语义分割，实体识别等）
- 将自然语言处理、深度学习和其他领域的算法应用于实际场景，如知识图谱，问答系统，推荐系
统等
- 优化当前的模型，排除故障和调试模型
- 帮助工程团队将其整合到实际生产应用中
主要职责：
- 统计学、计算机科学、数据科学、数学或汽车工程或密切相关的 STEM 领域的本科或硕士
- 良好的自学、分析、写作和沟通能力
- 在一个快节奏的团队环境中提供技术贡献，以加快我们建立一个分析驱动的产品通道
- 评估需求并推荐实验、数据和项目，建议新的算法开发，推动关于方法和所需数据的战术决策
- 使用深度学习和机器学习算法，以及高级数学模型来提供洞察力、建议和解决方案
- 开发可持续的、可消费的、准确的、有影响力的关于模型输入、模型输出、观察输出和关键绩效
指标（KPI）的报告
- 在整个实习期间和实习结束后，向团队成员和利益相关者展示令人信服的、经过验证的故事
资格和能力：
- 在深度学习和机器学习算法方面有比较熟练的掌握
- 熟悉 Python NLP/ML 工具；Bert、Transformer、Attention、CRF、Sklearn、Numpy，以及至少一
个深度学习包（Tensorflow/PyTorch/Keras）
- 有开发、训练和评估深度学习和机器学习模型的经验
- 在实现自然语言处理的深度学习架构方面有一定的理论基础和实践经验",更新于：2024-01-26
aigc算法工程师（cv/nlp）,北京,20-30K·14薪,1-3年,本科,"C/C++
OpenCV",某游戏公司,游戏,0-20人,"岗位需求
算法工程师
岗位职责
探索[AI+游戏]的产品方向和AIGC在3D游戏资产领域工业管线的设计开发。
将深度学习技术应用于可扩展的3D内容创建，协助模型调优，数据集工程，工具链开发。
构建工具和流水线抽象，设计和开发从模型到游戏内容生产的基础设施和工具
岗位要求
我们欢迎对机器学习，计算机视觉或NLP相关有研究兴趣和想法的同学。
优秀的数理基础，较强动手能力，良好的沟通能力和团队合作能力。
有深度学习框架(如Pytorch，conda)或CUDA编程能力优先，有生成模型(Generative Model)研究背景优先(如diffusion, Nerf, Magic3D)",更新于：2024-01-26
自然语言处理,北京·朝阳区·花家地,15-21K,1-3年,本科,"Python
算法设计",动次科技,医疗健康,20-99人,"【岗位职责】
1.本科以上学历，计算机及相关专业，数学专业优先
2.至少熟悉一种数据库，熟悉ORACLE的优先，有自然语言处理经验的优先
3.熟悉大数据组件，如hive、spark、kafka、hbase，熟悉HQL的优化方案，有海量数据（TB级）处理经验的优先。
4.熟悉Linux操作系统，熟悉常见的SHELL命令
5.至少熟悉Java,scala，python等语言中的一种及以上
6.熟悉常用自然语言处理算法及算法原理",更新于：2024-01-24
NLP算法工程师,北京·朝阳区·水碓子,30-60K,经验不限,本科,"自然语言处理
Python
TensorFlow
Pytorch
TextCNN
LSTM
Transforme
BERT",网晴科技,互联网,100-499人,"岗位职责：
1.负责内容审核NLP算法(文本分类、舆情分析、语义理解、命名实体识别、关系抽取、摘要生成等)的研发、优化和生产部署工作；
2.负责NLP和知识图谱新技术的跟踪、研究和落地。
任职资格：
1.计算机软件等相关专业本科及以上学历,1~3年相关工作经验，实习生可培养；
2.熟悉NLP领域的理论基础,掌握机器学习相关原理,具有NLP实战经验,参与过相关项目,有海量数据挖掘、文本分类与语义分析、知识图谱构建、深度学习研发等经验者优先；
3.精通Python语言,熟悉常见的开源算法和工具,如TensorFlow、Pytorch、TextCNN、LSTM、Transformer、BERT等；
4.具有良好的沟通能力、团队合作精神和较强的学习能力。
需求人数：2-3人
工作地点：北京，洛阳
社招待遇：8000-15000元/月；
校招待遇：研究生5000-8000元/月；本科生4000-7000元/月
福利介绍：
做五休二，入职即缴纳五险一金；餐补，生日福利，团建，带薪假（年假、婚丧假、产假、陪产假等），法定节假日及礼品。
团队氛围：
MIT大牛带队，成长空间无限；办公环境优美，工作氛围和谐；
同事优秀且友善，团队朝气有活力。
联系方式：
座机：*************
缪老师：***********（同微信）
徐老师：***********（同微信） ***********************
公司介绍：
网晴科技http://www.sunnetech.cn/ ，总部位于北京，在浙江、河南设有分公司。是专业的内容安全服务商，通过自主研发“网晴内容安全大脑”致力于为媒体、政府、企业等行业用户提供全方位的内容安全服务。
“网晴内容安全大脑”已为行业内多家头部用户提供全方位的内容审核服务，网晴专业人工内容审核团队协同“网晴内容安全大脑”首创业内“AI+人工”的智能审核体系为用户提供高等级安全保障。
网晴科技服务的主要客户包括多家央媒、主流媒体及互联网用户。网晴科技始终以守护清朗网络空间为己任，全面保障用户的内容安全。",更新于：2024-01-26
NLP算法工程师——北京,北京,40-70K·15薪,1-3年,本科,"TensorFlow
PyTorch
人机对话相关经验
自然语言处理项目经验",某大型社交网络公司,社交网络,100-499人,"【岗位职责】
1. 研发适用于社交场景的大语言模型
2. 研发适用于社交场景的文生图/视频模型
职位要求
1.统招硕士及以上学历，有过基于大模型进行fine-tuning的经验
2.熟练使用深度学习框架，如TensorFlow、PyTorch等
2.熟悉NLP常见算法和模型，有过问答、对话、搜索相关项目经验
4.熟悉Python或C++编程语言
加分项：
Transformer语言模型
强化学习",更新于：2024-01-27
自然语言处理,北京,15-25K,1-3年,本科,"Python
PyTorch
Selenium
机器学习经验
大模型",某大型企业服务公司,企业服务,500-999人,"根据客户的业务需求，定制和优化深度学习模型。
使用Python或其他语言进行数据处理、模型训练和调优。
与客户紧密合作，确保模型满足其特定需求。
出差至客户现场进行模型培训、实施和支持。
持续评估并推荐使用的新技术、工具和方法。。基本要求：
学士学位或以上学历，计算机科学、统计学或相关专业。
至少2年的深度学习模型训练经验。
熟练掌握Python，具有数据处理和分析经验。
对深度学习基本原理有深入理解。
良好的沟通能力和客户服务态度。
能够适应频繁的出差。",更新于：2024-01-27
机器学习/NLP/CV/数据挖掘算法工程师,北京·海淀区·西北旺,20-40K·16薪,1-3年,本科,"计算机相关专业
深度学习经验
机器学习算法/工程化经验
自然语言处理算法
计算机视觉算法
用户增长",百度,互联网,10000人以上,"工作职责:
-参与百度内容生态业务相关的算法研发工作，包括但不限于使用自然语言处理、图片理解、视频理解、知识图谱、推荐等技术，通过算法驱动创作者从入驻到创作、经营的全链路增长，促进百度内容生态的繁荣
-参与百度内容生产与理解相关的工作，包括但不限于使用深度模型、大模型在内容生产、内容改写、内容理解、优质内容推荐等相关业务
-参与创作者理解相关的工作，包括但不限于电商带货、保量推荐、冷启扶持等相关业务
-能够通过数据分析发现业务问题和机会点，并能提出有效的解决策略；主动分析发现产品问题、指导产品迭代，并进行有针对性的数据洞察分析与挖掘
任职资格:
-1年以上深度学习/机器学习领域相关经验，具有计算机识别（人脸识别、目标识别等）或nlp方向（内容理解、内容生成等）等相关实践经验，有大模型相关经验者优先
-具备扎实的编程基础，掌握python/c++等变成语言，熟悉至少一种深度学习框架（如tensorflow、pytorch等)
-具有良好的数据敏感度与策略思维，能从海量数据中分析出核心业务问题，指导业务发展
-有内容生态相关产品的算法工作经验者优先",更新于：2024-01-26
NLP 算法工程师,北京·海淀区·学院路,30-50K·15薪,经验不限,本科,"C++
Python
Go
深度学习算法
机器学习算法
DNN
CNN
TensorFlow",北京有竹居网络,社交网络,10000人以上,"职位描述
1. 支持快速增长的业务的算法支持工作。职责范围包括提高决策信息覆盖，提升转化效率，改善用户体验，探索更高效的商业模式，提升内容理解程度等；
2. 对用户、作者、商家行为做深入理解和分析，制定针对的算法策略促进生态良性发展。
3. 深入理解垂直领域业务知识，承担行业知识图谱建设，依靠知识图谱衍生、推进相关业务应用；
4. 深入理解垂直领域业务规则，承担智能客服、问答系统等B/C端人机交互业务开发及推进；
5. 负责商品/短视频/直播的标题、评论、详情介绍等文本内容的识别、挖掘与理解；
6. 探索 NLP 相关前沿技术，并应用落地到生活服务业务场景中
职位要求
1. 扎实的NLP算法基础，对文本分类、相似匹配、对话问答、机器翻译、序列标注、知识图谱、意图理解、词义消歧等领域有较深入理解和实践经验；
2. 熟悉知识图谱构建和推理相关的技术。对关系抽取、关系分类、序列标注、实体对齐、知识推理、图算法等方向有深入的研究和相关应用开发经验；
3. 熟悉常用的机器学习和深度学习算法，了解基本的网络模型结构（DNN/LSTM/CNN等）和文本表征方法（LDA/Word2Vec/ELMo/GPT/BERT等），对深度学习训练和推理模型调优有实操经验；
4. 熟悉TensorFlow/PyTorch/MXNet等开源深度学习框架；
5. 掌握基本的大数据相关组件（Hadoop/Spark/Hive/Flink），具有大批量文本数据处理清洗经验；
6. 熟悉Linux开发环境，精通C++/go/python至少一种编程语言，有扎实的算法和数据结构功底；
7. 良好的问题解决能力、团队合作意识和沟通能力，有相关业务场景实践经验者优先；
8. 在计算机科学高水平会议（ACL, EMNLP, NIPS, AAAI等）发表过论文或者有竞赛经验者优先。",更新于：2024-01-25
nlp高级算法工程师,北京,60-90K·15薪,1-3年,本科,"Java
C/C++
Python
计算机相关专业",某500强上市公司,电子商务,1000-9999人,"工作职责：
基于高质量的内容生态，研发实用领先的NLP智能创作技术，技术栈包括关键词提取、情感分析、上下文理解、命名实体识别、词性标注、句法分析、机器翻译、文本摘要、问答系统等，广泛支持智能内容创作需求，创造独有的产品用户价值。
任职资格：
1. 熟悉语言知识表示、大模型预训练及NLP智能创作，在以下一个或多个领域有深入的研究及落地经验，包括但不限于：NLP生成、文案创作、多轮对话、大模型预训练、模型压缩等
2. 具有优秀的编程基础及动手能力、良好的工作习惯，丰富的业务落地实战经验，优秀的快速学习能力 3. 敢于应对实际挑战，有坚韧的品质、优秀的自驱能力，善于主动沟通表达和团队协作
4. 发表ML/NLP等顶会/期刊论文、取得权威竞赛Top名次、ACM编程国际竞赛Top成绩者优先",更新于：2024-01-27
算法工程师（nlp 广告 推荐 搜索 cv）,北京,30-60K·15薪,1-3年,本科,捣腾过大模型相关东西,某游戏公司,游戏,0-20人,"岗位职责：
算法工程师（NLP或搜索或推荐或广告）、算法工程师（cv方向）
这两个岗位的人才要求是：
（1）自己当前参与大模型相关的项目（ChatGPT等语言模型，或 diffusion model等图像模型），或者，自己业余时间捣腾过大模型相关的东西。
1、带领推荐算法团队负责网文内容平台的推荐系统，提升用户体验；
2、负责推荐召回和排序算法选型、技术调研和难点攻关，提升业务核心指标；
3、负责分析业务用户行为数据构建用户画像，提升用户画像准确率，助力产品改进和业务推广；
4、负责部门业务的技术调研和难点攻关，能提出关键优化方案提升业务核心指标；
5、负责推荐算法团队搭建、业务把控、团队管理和人员培养。
岗位要求：
1、计算机，数学等相关背景，本科及以上学历，5年以上推荐系统领域工作经验，2年以上管理经验；
2、精通常用机器学习，深度学习在推荐系统的应用理论和实践；
3、精通国内业界主流大规模机器学习工程架构，精通常用的参数服务器上构建推荐算法的应用研究；
4、有多年C++ /go/python编程语言经验，有清晰的架构推演逻辑能力；
5、有扎实的数据结构和算法功底，熟悉推荐算法和具体落地，如特征挖掘、相关机器学习、统计原理等；
6、有大规模推荐系统、计算广告、搜索ranking经验者优先；
7、优秀的团队/项目驱动管理能力，沟通总结能力。",更新于：2024-01-27
AI算法工程师-nlp方向,北京·海淀区·上地,25-40K·15薪,1-3年,硕士,TensorFlow/PyTorch,小白羽,移动互联网,100-499人,"岗位职责
设计和实现自然语言处理算法，包括文本分类、信息提取、情感分析、机器翻译等；
运用深度学习和传统机器学习技术，对大规模文本数据进行处理；
开发和调试基于PyTorch、TensorFlow等框架的NLP模型；
研究和实现基于ChatGPT、LLM等模型的文本生成算法；
分析和优化算法性能，提高算法的效率和准确性；
与团队成员紧密合作，协同完成项目。
岗位要求
1，计算机科学、人工智能、数学、统计学等相关专业的硕士以上学位；
2，有1-3年NLP领域相关经验，精通文本分类、信息提取、情感分析、机器翻译等算法；
3，熟练掌握Python语言，熟悉PyTorch、TensorFlow等深度学习框架；
4，有ChatGPT、LLM等模型开发经验，对NLP领域最新技术有深入了解；
5，熟练掌握常用的数据结构和算法；
6，具备良好的沟通能力和团队合作精神。
加分项
发表过相关领域的论文；
有良好的英语阅读和撰写能力；
有工业界经验，能够快速适应团队的开发环境和工作流程；
对于自然语言处理领域的未来发展有深入的认识和思考。",更新于：2024-01-27
自然语言处理/NLP,北京,30-60K·16薪,经验不限,本科,"Python
C/C++
Java
自然语言处理项目经验
大型对话系统
大横型训练",某大型社交网络公司,社交网络,100-499人,"工作职责：
1、利用 NLP 技术在大量文本中进行数据挖掘及文本处理，包括文本相关性模型、命名实体识别等、
2、承担预训练模型的训练、开发和调优工作,包括但不限于:prompt 设计、大模型 finetuning、大模型训练
3、紧跟前沿 NLP 生成技术，解决实际应用场景中的内容生成问题
4、负责对话系统平台搭建和研发工作
任职要求：
1、计算机相关专业硕士、博士或者优秀本科
2、熟练掌握 Python/C++/Java 中至少一门语言，熟练掌握 tensorlow/pytorch/keras 等深度学习框架
3、熟悉 BERT系列以及GPT 系列等预训练模型，熟悉 Transformer 等深度学习模型，熟悉主流文本生成的原理和方法，有结合业务的落地经验者优先
4、过往有参与过大型对话系统、大横型训练和部罢经验者优先
5、有 ACL、EMNLP、ICLR 等会议论文发表者优先
6、良好的自驱力，较强的团队合作精神",更新于：2024-01-26
机器学习算法工程师,北京·海淀区·车道沟,15-30K,经验不限,本科,"搜索/推荐
机器学习算法/工程化经验
计算机相关专业
深度学习经验
Python",瑞鑫天算,基金,20-99人,"岗位职责：
1、利用机器学习、深度学习和人工智能的方法研究股票、期货等相关历史数据中的规律；
2、对多因子股票模型及CTA量化模型进行因子挖掘、策略研究及策略组合；
3、探索适合目标领域的模型和算法。
任职要求：
1、教育背景： 毕业或在读于国内外知名高校，人工智能、金融工程、数学、统计、物理、计算机、生物工程、大气等相关专业，硕士及以上学历优先；
2. 精通机器学习（深度学习）并有应用模型解决实际问题的经验，熟悉监督学习、半监督学习或强化学习方法，具备创新研究能力。
3. 具有扎实的数学建模能力及编程能力，能熟练通过 Python、 R 等语言建立机器学习模型。掌握至少一种深度学习框架（PyTorch/TensorFlow）等
4. 有相关领域工作和研究经历者优先。",更新于：2024-01-27
机器学习算法工程师（推荐）,北京,80-110K·15薪,经验不限,本科,"机器学习
推荐算法",某大型知名培训公司,培训/辅导机构,,"1、负责最核心的业务推荐算法工作，与来自国内外顶级名校、有丰富业界经验的同学合作，共同搭建行业顶尖的推荐系统，为用户提供一流的产品体验；
2、将最前沿的机器学习技术应用到抖音的核心场景业务，优化用户体验促进业务发展；
3、研究方向包含且不局限于：深度学习、图神经网络、多任务学习、learning to rank、模型压缩和加速、多模态技术等，结合业务的实际问题来做好技术的探索和研究；
4、和产品、运营团队紧密合作，通过对产品和用户的深入理解和分析，制定算法策略促进抖音生态的长期繁荣发展。
职位要求
1、具备优秀的编码能力，扎实的数据结构和算法功底；
2、对推荐算法和机器学习有热情、乐于学习、思考和创新；
3、优秀的分析问题和解决问题的能力，有良好的沟通表达能力和团队精神；
4、熟悉机器学习、自然语言处理、数据挖掘中一项或多项，对推荐系统、计算广告、搜索引擎相关领域有经验者优先。",更新于：2024-01-27
机器学习/数据挖掘/自然语言处理工程师,北京,25-30K·16薪,1-3年,本科,计算机相关专业,百度在线,互联网,10000人以上,"【工作职责】：
1. 负责业内领先搜索算法、内容理解算法的调研和评估，通过传统机器学习和超大规模深度学习算法（NLP/多模态），打造业界领先的千亿级别网页内容理解技术体系
2. 设计策略和算法及分析系统的技术缺陷，对策略和系统做出合理的优化升级；
【任职要求】：
1. 本科及以上学历，计算机相关专业；
2. 岗位一需熟练使用C/C++，岗位二熟练使用C/C++/Python等其中一门语言即可；熟悉常用数据结构及算法，有一定linux使用经验优先；
3. 岗位二需熟悉机器学习、数据挖掘、自然语言处理等常用算法，有相关项目经验、深度学习经验者优先；
4. 工作积极主动，具有强烈的责任心，务实，具备良好的团队合作精神和沟通意识；
5. 具有突出的学习理解能力、逻辑思维能力、沟通协作能力和抗压能力，善于分析问题和解决问题；",更新于：2024-01-27
机器学习/深度学习研发工程师,北京·海淀区·永泰,25-50K,经验不限,本科,"C/C++
TensorFlow/PyTorch
机器学习算法/工程化经验
深度学习经验
有国际期刊/会议论文发表",北京德睿特科技,铁路/船舶/航空/航天制造,0-20人,"工作职责
-支持AI智能算法研究，包括但不限于机器学习、深度学习、强化学习等技术；
-实现和探索前沿的机器学习算法，丰富框架的应用案例；
-准备数据集，选取特征，搭建模型训练和实验评估环境，持续优化算法表现；
任职条件
-对机器学习有独到的理解，熟悉常见的深度学习模型、优化方法
-在CV/NLP/Speech等任一深度学习领域有较为深入的研究
-熟悉一个或多个深度学习框架，包括但不限于PyTorch，TensorFlow,hugging face, deepspeed等
-对主流深度学习框架有项目应用经验，熟悉常见深度学习模型结构和优化方法，能够进行常见深度模型训练；
-学习能力强、自我驱动力强，紧跟机器学习的发展动态
具有以下条件者优先考虑：
-在机器学习相关竞赛中取得优异成绩者优先
-在国际顶级会议或期刊发表论文、或有开源项目经历者优先
-有较强的实现能力，能从容应对算法实现过程中的调试、性能优化等问题者优先
-复合背景，熟悉深度学习多个领域者优先",更新于：2024-01-27
机器学习算法工程师,北京·海淀区·五道口,15-30K·14薪,1-3年,本科,"C++
Python
算法设计
深度学习算法
机器学习算法
Boosting
GBDT
TensorFlow",交叉科技,计算机服务,20-99人,"岗位职责：
1.基于海量数据和真实客户需求，对客户业务问题进行准确定义、数据分析、方案制定及实施；
2.参与相关机器学习、深度学习、强化学习或运筹优化模型的研发、设计和部署等工作，配合工程团队产出企业级的算法产品。
任职要求：
1.本科以上学历，计算机、数学、统计学等相关专业；
2.熟练掌握至少一种常用编程语言，如python/C/C++等，熟悉各种数据库使用；
3.熟练掌握常见的机器算法模型及原理，如线性回归、逻辑回归、Boosting、Bagging、SVM、Clustering、PCA、GBDT、XGBoost等；
4.具备一定的深度学习理论基础，熟练使用至少一种深度学习框架（Caffe，Keras，pyTorch，Tensorflow），喜欢研究前沿技术；
5.熟悉金融行业、互联网行业或有相关工作经验者优先。
岗位优势：
国高新企业、科学家团队、项目分红、带薪年假、五险一金、股权激励、免费零食、弹性时间。",更新于：2024-01-26
人工智能/机器学习算法工程师,北京,12-24K·15薪,经验不限,本科,"深度学习算法
人工智能
机器学习
数据挖掘
Hadoop
Spark",中移雄安,移动互联网,1000-9999人,"企业性质：央企
所属机构：中移雄安产业研究院-数智创新部
工作地点：北京，雄安新区
学历要求：大学本科211及以上学历，计算机、通信、电子、软件工程等相关专业。
注：本科211以上学历硬性要求，不满足勿投，感谢理解！
职位描述
1、通过机器学习、数据挖掘等技术，结合业务知识，帮助客户建立数据挖掘模型，解决智慧城市业务问题；
2、负责基础算法库、建模工具和建模框架的开发工作，不断对已有算法、工具和框架进行优化，提升数挖效率；
3、理解客户数据内容、业务场景需求，并选择适合的技术解决方案。
任职要求
专业技能：
1、熟练掌握并理解常规数据挖掘、机器学习相关算法及其原理，有大规模数据挖掘/机器学习研发经验；
2、熟练掌握常用的Hadoop、Spark大数据分析平台，熟悉TensorFlow、Caffe等深度学习框架；
3、熟练Python、JAVA、Scala、C等一种以上语言；
4、具备企业产品创新研究的组织和攻关能力；
5、在机器学习国际会议或者期刊上发表论文、相关国际比赛获奖、及相关专利者优先。
素质：
1、有责任心，工作热情、耐心、踏实、严谨，有团队合作精神；
2、具备有很好的学习和逻辑能力，强烈的探索和求知欲，良好的沟通的能力和撰写报告能力；
3、具备一定的抗压能力，善于应对来自工作上的各种压力。
经验：
至少有2年以上数据挖掘/机器学习算法研发经验，有通信运营商O域/B域大数据、智慧城市大数据、互联网大数据挖掘和机器学习算法研发经验者优先。",更新于：2024-01-26
机器学习/数据挖掘算法工程师【核心】,北京·海淀区·上地,30-50K·14薪,经验不限,本科,"大模型算法
推荐算法
Python
nlp
自然语言处理",作业帮,互联网,10000人以上,"岗位职责：
1. 基于多场景的用户行为，负责拉新变现业务场景的用户挖掘、用户刻画、用户排序、用户流转等算法；
2. 参与并探索变现转化业务场景相关算法，对算法模型进行优化和分析，最终提升效果转化效率
3. 对效果进行归因和分析，并跟踪和探索前沿技术
岗位要求：
1.精通python/c++/shell等常用语言，对数据结构和算法设计有较为深刻的理解;
2.熟悉一种或多种深度学习框架，包括Tensorflow/PyTorch/Caffe等
3.常用数据挖掘/机器学习算法原理并实际运用
4.扎实良好的数学基础,良好的英语阅读能力,具备根据论文独立实现算法的能力
5.计算机及相关专业本科以上学历，1年以上工作经验",更新于：2024-01-26
机器学习,北京,25-50K·14薪,经验不限,本科,"Python
C/C++
机器学习算法/工程化经验
深度学习经验",某大型基金公司,基金,100-499人,"职责描述：
1、在投资经理的指导下，研究并应用前沿的机器学习算法，发掘历史数据规律，建立模型并应用于市场预测；
2、用机器学习模型，研究因子及组合，并最大程度实现因子价值。
任职要求：
1、数学、计算机、或物理学等相关专业，熟悉任一机器学习分支领域（如统计学习，深度学习，强化学习，组合优化或其他相关前沿技术等）；
2、优秀的编程实现能力，能够熟练在Linux系统上使用Python或C++编程语言；
3、对量化行业感兴趣，并有较好的创新意识及学习能力，自我驱动力强。",更新于：2024-01-26
机器学习,北京·朝阳区·三里屯,16-25K,经验不限,本科,"大模型算法
深度学习
图像算法
数据挖掘
模型加速/性能优化
MATLAB
Java
Python
PySpark//PyTorch",永洪科技,互联网,100-499人,"岗位职责：
1. 参与ML需求分析、设计，独立完成后端相关需求功能开发；
2. 技术调研并撰写Feature详细设计文档；
3. 可处理开发过程中的技术问题，提出解决方案；
4. 对系统瓶颈提出系统优化的建议，处理永洪大数据平台ML相关模块优化；
5. 对AI/ML新技术保持关注；
任职要求：
1. 计算机相关专业统招本科及以上，硕士优先；
2. 良好的沟通技能，团队合作能力；
3. 熟悉python/java一种或多种开发语言；
4. 熟悉PySpark/TensorFlow/PyTorch等一种或多种常用工具；
5. 做过数据挖掘、机器学习相关项目或有相关工作经历者优先；",更新于：2024-01-26
机器学习,北京·海淀区·西三旗,25-50K,经验不限,本科,"深度学习
大模型算法
强化学习
自然语言处理算法
数据挖掘
推荐算法
C/C++
Python
大数据处理工具(Spark/Hadoop/Hive)
算法工程化经验",中电金信,计算机软件,10000人以上,"职责描述：
1. 为金融业客户设计实施数据智能相关的AI解决方案，用人工智能技术解决业务问题，提升业务竞争力；
2. 与客户进行沟通，理解需求，并转化为有效的技术解决方案；
3. 跟进AI项目交付，推动交付团队按要求实现技术解决方案；
4. 与团队成员紧密合作，分享知识和实践，提升团队战斗力。
任职要求：
1. 研究生及以上学历，计算机科学、数据科学、人工智能或相关专业；
2. 3年以上AI技术应用工作经验，具有人工智能、机器学习项目经验，能展示成功实施和交付的案例。优先考虑有物流业应用经验者；
3. 深刻理解人工智能、机器学习、深度学习等相关技术，掌握大模型技术原理及应用；
4. 熟悉PyTorch、TensorFlow、Keras等人工智能框架，对云计算平台有一定知识储备和实践经验；
5. 具备优秀的沟通技巧、良好的团队协作能力；
6. 能够在快节奏环境中进行多任务处理，能够应对一定工作压力，适应灵活的工作时间。",更新于：2024-01-26
机器学习训练框架研发工程师,北京,40-70K·13薪,经验不限,本科,"C/C++
机器学习框架
CUDA",某大型知名互联网公司,互联网,10000人以上,"1、负责 机器学习训练框架的研究与开发，服务于全公司各个产品；
2、参与机器学习训练框架底层组件的抽象，设计，优化与落地；
3、与全公司算法部门深度合作，为重点项目进行算法与系统的联合优化。
职位要求
1、熟练掌握Linux环境下的C/C++与Python语言；
2、接触过至少一种机器学习框架（PyTorch / Tensorflow / Jax 或其他自研框架）；
3、有以下至少一项的背景知识与经验：CUDA编程、编译器、高性能网络、分布式存储、超大规模分布式；
4、具有独立解决问题的能力，良好的团队合作精神；
5、有强烈的工作责任心，较好的学习能力、沟通能力和自驱力；
6、有良好的工作文档习惯，及时按要求撰写更新工作流程及技术文档。
加分项：
1、深入研究过至少一种机器学习框架（Tensorflow / PyTorch /Jax 或其他自研框架）的底层架构和机制；
2、熟悉至少一种经典深度学习模型及其应用场景，如ResNet、transformer、wave2vec、CLIP多模态，或者了解强化学习、diffusion model等；
3、有研究生或博士阶段的计算机系统方向（包含分布式系统、并行算法、编程语言与编译器、RDMA网络、存储、高性能计算等）研究背景；
4、有软硬件联合设计，底层性能优化（cutlass，NCCL等）的经验；
5、能使用数学工具分析深度学习训练中的优化收敛、量化压缩等算法；
6、贡献过开源社区代码。",更新于：2024-01-26
机器学习平台开发工程师-base北上深,北京,40-70K·15薪,1-3年,本科,"C/C++
CNN/RNN/LSTM
TensorFlow/PyTorch
计算机相关专业
机器学习算法/工程化经验
机器学习平台
MLE",某知名企业,基金,100-499人,"工作职责：
1、负责MLOps 相关体系建设；
2、配合研发团队设计稳健自动化的机器学习流水线；
任职要求：
1.985本科或以上学历，计算机相关专业背景。
2.1-3年相关开发经验，具有良好的编程习惯和扎实的编程基础。
3.有机器学习模型管理MLops 经验。
4.了解机器学习的基本方法。
5.具有较强的沟通能力，聪明踏实，乐于合作。",更新于：2024-01-26
AI模型评估—前端/后端/机器学习/数据分析,北京·朝阳区·八里庄,15-30K·15薪,1-3年,本科,"大模型算法
深度学习
数据挖掘
Scala
C/C++
SQL
算法工程化经验",北京字节跳动,移动互联网,10000人以上,"职位描述
1、制定AI模型评估在代码方向的评估标准，主导评估体系构建；
2、与技术团队和产品团队对接需求，设计并实施模型评估方案；
3、擅长代码编程，尤其对特定技术领域有体系化的认知。
职位要求
1、本科及以上学历，计算机科学与技术、软件工程、大数据技术、人工智能、智能科学与技术等相关专业优先；
2、有良好的编码风格及优化意识，能够在现有的基础上做出优化；
3、有责任心和较强的团队意识，对互联网及人工智能有较强的兴趣；
4、语言各方向要求（掌握其中一种方向即可）：
前端方向：
掌握GUI交互的设计与开发，熟悉色彩、图形、信息等的构建，具备一定的审美能力；熟悉HTML(5)，CSS(3)、JavaScript、AJAX等web开发技术，掌握前端主流框架至少一种，包括但不限于 Vue、React，熟悉Element-UI、iView、Ant Design、Vuetify等其中的组件库的使用；熟悉游戏前端开发，掌握至少一种游戏开发工具，包括但不限于Unity3D、Cocos Creator；掌握Android或iOS开发平台及框架原理；
后端方向：
掌握Python、Java、Go等其中至少一门后端编程语言；了解常见的后端服务开发框架，如：SpringBoot、Django、Flask等；熟悉主流数据库的操作，如：MySQL、PostgreSQL、Oracle等；掌握常见的CI/CD工具，如Jenkins、Git等；
机器学习方向：
熟练掌握Python编程语言；了解机器学习、深度学习、自然语言处理、计算机视觉、强化学习等领域；熟悉主流机器学习库，如：Scikit-learn、OpenCV、Numpy、Pandas等；熟练掌握至少一种深度学习框架，如PyTorch、TensorFlow、Keras、MXNet等；
数据分析方向：
熟练掌握至少一种编程语言，如Python等；具备大数据处理能力，熟练运用SQL，掌握相关数据分析工具；掌握数据仓库设计和建立的方法，具备优秀的数据分析能力和逻辑思维能力；具备扎实的数据分析能力，能够进行可视化分析，具备较好的业务理解能力。",更新于：2024-01-26
机器学习平台研发专家,北京·海淀区·清河,35-65K·14薪,经验不限,本科,"C/C++
机器学习算法/工程化经验
搜索/推荐
计算机相关专业
深度学习经验",第四范式,计算机软件,500-999人,"岗位职责：
1. 负责第四范式AI平台研发，包括但不限于数据平台，部署平台，训练平台，调度平台，编排平台，在线服务平台等
2. 负责具体客户对接，深入理解需求，设计解决方案
岗位要求：
1. 本科及以上学历，熟悉C++/golang/Java等一种或多种编程语言
2. 熟悉高性能后端开发模式，对性能，可用性有极致追求
3. 有搜索，推荐，广告，机器学习平台背景优先
4. 有从0到1，成功对接大客户系统平台优先",更新于：2024-01-27
机器学习平台专家工程师,北京,60-90K·16薪,经验不限,本科,"C/C++
GPU
AI Platform
Deep Learning",某500强上市公司,互联网,,"Key Words：C++, CUDA, GPU, AI Platform，Tensorflow, Pytorch, Deep Learning, Machine Learning
1. 主导新一代机器学习大规模计算/超算平台，不断满足机器学习研究员对极致算力的追求
2. 搭建，优化和维护基于分布式GPU/CPU计算资源的AI infra，根据公司技术架构提出业界最领先的解决方案和指导建议，不断迭代框架，算子，模型方案等
3. 持续探索机器学习相关的前沿技术，推动新技术落地
4. 为研究员提供机器学习问题的咨询服务",更新于：2024-01-27
机器学习训练引擎工程师,北京·朝阳区·望京,40-70K,经验不限,本科,"大模型算法
模型加速/性能优化
C/C++
Python
算法工程化经验",美团,互联网,10000人以上,"！！！base北京上海均可
1. 参与美团机器学习平台的引擎建设，支撑视觉、NLP、语音等业务场景
2. 负责美团大模型训练框架的稳定性、易用性、可观测性能力建设
3. 负责千卡规模和千亿参数的大规模训练性能优化",更新于：2024-01-24
算法模型工程师（机器学习方向）,北京·丰台区·北京南站,15-20K,1-3年,本科,"Hadoop/Hive/Spark
Python",恒鸿达体育,计算机软件,,"岗位描述:承担机器学习模型的数据探索分析、数据加工、建模、效果评估与上线工作
岗位要求:
1.全日制统招本科及以上学历，计算机相关专业毕业。
2具有2年及以上互联网或金融行业算法模型开发、数据挖掘开发类工作经验。
3.熟练使用sql做数据探查和分析，熟练掌握Python与Spark开发，熟悉常用的机器学习算法 (LR、XGB等)
4.具备良好的沟通协调能力与团队协作意识，做事细心严谨",更新于：2024-01-15
机器学习研发工程师,北京·海淀区·西北旺,20-40K·13薪,经验不限,本科,"Python
TensorFlow/PyTorch
Shell
计算机相关专业
数学/统计相关专业
机器学习算法/工程化经验",白杨时代,大数据,100-499人,"职责
1. 负责业务项目环境对接和智能体研发
2. 负责产品后台研发和智能体可视化研发
要求
1. 计算机相关专业本科以上
2. 熟悉C/C++，Python，Golang，Java，C#中至少二种语言
3. 具备较好的编码能力，熟悉常用的数据结构和算法
4. 熟悉Linux系统，熟悉docker，熟悉k8s等分布式系统
5. 熟悉机器学习/深度学习/强化学习系统，有相关系统开发经验者优先
6. 对业务有兴趣，能适应客户处长期驻场",更新于：2024-01-25
机器学习（钱多\WLB\不加班）,北京,50-80K·16薪,经验不限,本科,"Python
C/C++
机器学习算法/工程化经验
深度学习经验
计算机相关专业",某知名量化公司,基金,20-99人,"机器学习平台工程师
岗位职责:
1. 负责机器学习平台的设计与实现；
2. 参与机器学习平台的性能优化工作；
3. 推进MLOps, 优化从数据到实盘的整体流程。
应聘要求：
1. 毕业于知名院校，本科以上，理工专业, 有扎实的计算机基础；
2. 一年及以上相关工作经验；
3. 掌握Kubernetes架构和使用, 具有相关开发经验优先；
4. 掌握C++, Python并了解常见的算法与数据结构。
加分项：
1. 计算集群设计, 调优, 维护经验；
2. 熟悉高性能分布式存储；
3. 具有PyTorch等开源机器学习平台底层开发经验。",更新于：2024-01-26
机器学习/数据挖掘算法工程师,北京,50-80K·14薪,经验不限,本科,"大模型算法
数据挖掘
Python
Shell
C/C++
机器学习",某500强上市公司,互联网,10000人以上,"岗位职责：
1. 基于多场景的用户行为，负责拉新变现业务场景的用户挖掘、用户刻画、用户排序、用户流转等算法；
2. 参与并探索变现转化业务场景相关算法，对算法模型进行优化和分析，最终提升效果转化效率
3. 对效果进行归因和分析，并跟踪和探索前沿技术
岗位要求：
1.精通python/c++/shell等常用语言，对数据结构和算法设计有较为深刻的理解;
2.熟悉一种或多种深度学习框架，包括Tensorflow/PyTorch/Caffe等
3.常用数据挖掘/机器学习算法原理并实际运用
4.扎实良好的数学基础,良好的英语阅读能力,具备根据论文独立实现算法的能力
5.计算机及相关专业本科以上学历，1年以上工作经验本科以上，211/985学历以上",更新于：2024-01-25
机器学习应用开发-AI与工具链应用 SDK方向,北京·海淀区·西北旺,25-50K·15薪,1-3年,本科,"Python
C/C++
Shell
linx
机器学习
AI框架开发",地平线,互联网,1000-9999人,"机器学习应用开发工程师（AI与工具链应用 SDK方向）
工作职责：
1、让机器学习更好用，负责机器学习相关工具链的优化和封装，向社区开发者提供简单易用的AI应用体验；
2、探索AI的无限可能，将各种算法或开源项目应用于RDK套件，向社区开发者分享好玩、好用的AI应用；
3、根据相关工作完成方案评估、应用文档、开源代码等内容整理，确保社区开发者可以快速应用；
任职要求：
1、本科及以上学历，计算机、电子、数学或相关专业
2、良好的工程实践能力，孰悉Linux、shell、git等相关工程基础，熟练掌握Python，了解C/C++
3、对机器学习有一定了解，有以下至少一种深度学习框架的使用经验: Tensorflow/Pytorch/MXNet/Gluon/Caffe/Caffe2
4、掌握算法量化部署的能力，能够快速在端侧部署算法方案
5、具有较强的学习能力与动手能力，较强的沟通协调能力，较好的团队合作精神
加分项：
参加过RoboMaster/ROBOCON/智能车竞赛等国内机器人比赛优先；
参与或创建过机器学习相关开源项目或社区者优先；",更新于：2024-01-26
算法/AI讲师（深度学习/机器学习方向）,北京·朝阳区·高碑店,15-30K,1-3年,本科,"机器学习
深度学习
自然语言处理算法
图像算法
Python
算法工程化经验
参加算法相关竞赛/获奖
职业技能培训
在线教育",赋范空间,培训/辅导机构,20-99人,"岗位职责：
1. 深入研究机器学习/深度学习/人工智能各大应用领域的前沿/实用技术，围绕顶尖技术研发市场一流的课程与教学内容（课件/代码），涉及领域包括但不限于集成算法、特征工程、计算机视觉、自然语言处理、深度时间序列、生成式模型、推荐系统、强化学习、图神经网络等前沿领域
2. 实践各类机器学习/深度学习算法前沿应用、参与海内外各类机器学习/深度学习前沿竞赛，围绕应用结果与竞赛结果研发市场一流的算法实践课程内容（课件/代码）
3. 完成机器学习/深度学习各类前沿领域的教学、授课工作，包括但不限于录制课程视频、完成课程直播、完成公开课直播、完成体验课等各种形式的授课工作
4. 协助追踪机器学习/深度学习各类前沿领域的行业动态、技术进步，协助制作基于行业前沿信息的通识类课程与教学内容（课件/代码/视频/直播），协助向行业传递技术视野与技术观点
5. 协助完成机器学习/深度学习领域课程的价值宣传工作，包括但不限于录制课程介绍视频、进行课程介绍直播、整理课程卖点、输出课程价值等各种形式的宣传工作
6. 协助完成机器学习/深度学习领域课程的辅导工作，包括协助课程答疑、指导课程项目、协助产出课程习题等各种服务性质工作
任职要求：
1. 拥有本科及以上学历
2. 至少2年以上算法授课经验或算法行业工作经验，对机器学习/深度学习/人工智能技术有一定理解；
3. 具有较强的学习能力与思考能力，能够短时间内掌握全新知识、快速获取对新兴领域的理解和洞察
4. 具有较强的逻辑能力与表达能力，能够将复杂知识抽丝剥茧、化繁为简，或能够传递观点、引导共情
5. 形象好气质佳，同时兼备亲和力与专业能力，能够把握用户注意力、与用户愉快沟通
6. 有意愿和能力不断挑战自我、突破自我、不断提升自己的知识、技能水平和职场成熟度
7. 对教育或技术传播有一定的了解和较强的认可，具备一定的服务意识和团队协作意识
福利待遇：
1. 底薪15K+奖金，试用期3-6个月
2. 90后年轻团队、不定期下午茶、弹性工作
3. 入职后购买六险一金、带薪年假等
4. 提供带薪培训、沉浸式学习最前沿技术、积累个人技术能力",更新于：2024-01-27
机器学习研究员,北京·海淀区·五道口,40-70K·15薪,经验不限,本科,"有国际期刊/会议论文发表
深度学习
机器学习算法/工程化经验
AI工程化
深度学习经验
Python",正定私募,基金,20-99人,"工作内容
1.因子评价,筛选,组合方法的研究；
2.预测模型（深度学习）的开发研究；
3.期货/股票交易策略的研究和实现。
岗位要求
1.海内外Top院校硕博生,深度学习背景；
2.掌握Python，熟悉一个或多个深度学习框架，有深度使用经验；
3.数学/机器学习知识扎实，顶会Paper优先；
4.有量化相关工作经验，AI工程化经验者优先。",更新于：2024-01-26
机器学习平台工程师,北京,40-70K·16薪,经验不限,本科,"云计算
搜索/推荐
C/C++
Python
Java
机器学习算法/工程化经验
有国际期刊/会议论文发表
深度学习经验",某计算机服务公司,计算机服务,20-99人,"职位描述】
机器学习训练平台的开发，旨在为算法工程师提供一个稳定，高效，易用的机器学习平台，帮助算法工程师高效完成模型的训练验证。
1. 设计和开发机器学习系统，包括数据获取、数据标注、模型训练、模型服务等，搭建上层应用及承担部分算法底层组建的工作；
2. 设计和研发机器学习平台的管理系统，如资源调度管理，任务调度管理，算力/存储的能效管理，镜像管理等；
3. 机器学习的自动化、可视化、 AutoML、量化等能力，如tensorflow、pytorch分布式训练可视化等，构建更加便捷和易用的平台能力；
4. 面向算法工程师的接口和工具优化，降低机器学习应用门槛；
5. 协同算法工程师优化模型效果，提高高效能的开发工具，提高算法迭代效率，如模型训练profiling，IO读写profiling等；
6. 负责分布式训练的性能优化，包括但不限于利用RDMA、DPDK等技术，提高集群算力吞吐。
任职资格：
【任职要求】
1. 有扎实的数据结构和算法功底，具备强悍的工程实现能力, 有项目落地的经验；
2. 熟悉至少一门后端服务的语言，Java/C++/Go/python；
3. 熟悉Python， bash shell等脚本语言；
4. 熟悉多线程，服务发现，RPC异步调用等相关概念；
5. 了解 kubeflow、TFX 等 AI 工作流者优先；
6. 了解 kubernetes 使用和开发者优先；
7. 有腾讯云，阿里云，aws上容器服务和对象存储使用经验者优先。",更新于：2024-01-27
机器学习平台开发工程师,北京,50-80K,经验不限,本科,"C/C++
Python",某大型基金公司,基金,100-499人,"岗位职责：
负责高精尖算法研究平台的设计、搭建与优化，持续提高平台的易用性、可用性、扩展性和资源利用率从而带来研究规模和研究效率的整体提升。
岗位要求
1）国内外知名院校的计算机科学本科及以上学历，1年以上工作经验或优秀应届生均可；
2）熟练掌握C/C++、Python、Go等开发语言，掌握常见的算法和数据结构；
3）具备良好的系统设计能力，具备性能、可靠性、可用性、可扩展性等方面的系统思考；
4）掌握Kubernetes的架构和基本使用，具备kubernetes开发能力者优先；
5）熟悉DevOps、MLOps概念及Best Practice，具备相关系统搭建和维护的经验；
6）具备开源机器学习平台、云原生系统、大数据系统、分布式存储、云原生调度系统以及训练框架的底层相关开发经验",更新于：2024-01-27
【算法平台】机器学习平台算法工程师,北京,45-60K·16薪,1-3年,本科,"C/C++
Python",某500强上市公司,电子商务,1000-9999人,"职位描述
我们负责构建面向搜索推荐场景的一站式深度学习平台。你将参与机器学习平台侧的算法研发工作：
负责搜索/推荐算法的研发，包括但不仅限于机器学习、深度学习、强化学习、迁移学习，多模态融合等，实现落地到机器学习平台中，且应用到各个业务。
根据短视频、图片、直播、文本搜索/推荐等场景，搭建通用算法库，结合内容特征平台，提供算法能力和特征数据。
职位要求：
【必须】计算机或电子通信相关专业本科以上，2年以上linux下C++/Python开发经验。
【必须】熟悉并能深入理解常用的机器学习算法、深度学习模型；熟练使用至少一种深度学习框架TensorFlow、PyTorch、Paddle。
【2选1】搜索/推荐/广告系统相关经验，熟悉常用的CTR算法，包括向量召回、图计算、粗排/精排等。
【2选1】CV/NLP等相关经验，熟悉常用的内容理解算法，包括图片、短视频分类，NLP的关键词提取、关系提取、实体识别、自动摘要、文本分类等。
【优先】实践动手能力强，Kaggle，COCO，ImageNet，ActivityNet，ICPC，NOI/IOI等比赛获奖者优先。
【优先】在期刊/会议有论文发表者优先，包括不限于 ICML，NeurIPS，UAI，AISTATIS，CVPR，ICCV，JMLR，IJCV，TPAMI，TIP 等。",更新于：2024-01-26
自然语言/深度学习/机器学习讲师（讲师）,北京,30-45K,3-5年,本科,"机器学习算法/工程化经验
深度学习经验",美码科技,培训/辅导机构,500-999人,"岗位职责：
1、负责深度学习/机器学习/自然语言/计算机视觉等相关课程的教学工作；
2、负责深度学习/机器学习/自然语言/计算机视觉等课程教材的研发、编写，不断打磨课程、优化教案、收集整理相关课程资料等；
3、具备较强的学习能力、良好的沟通和表达能力。
岗位要求：
1、本科及以上学历，计算机、数学、统计相关专业；
2、熟悉传统机器学习和深度学习算法；精通搜索意图理解或语音对话系统的算法策略；有大规模深度模型算法的实践应用经验；
3、具备优秀的逻辑思维能力，善于发现和推理不同事物之间的关系和影响，在复杂业务场景下能够分解和抽象问题，提供优秀、完整、可行的解决方案；
4、熟悉机器学习/数据挖掘/信息检索/深度学习/神经网络的算法原理；
5、熟悉LR/GBDT/DNN等排序算法以及BERT/DSSM等深度模型，有TensorFlow等框架开发经验者优先；
6、熟悉C++、python、scala、Java等编程语言（一项或多项）；
7、熟悉MapReduce、Spark等并行计算框架。",更新于：2024-01-22
机器学习平台工程师,北京,40-50K·16薪,经验不限,本科,"深度学习
强化学习
数据挖掘
风控算法
运筹优化
C/C++
Python
Golang
算法工程化经验
参加算法相关竞赛/获奖
发表算法相关优秀论文",某基金公司,基金,20-99人,"岗位职责：
机器学习算法的应用对我们的成功至关重要。我们时时跟进在模型延迟和吞吐量方向研究与实践的最前沿。
在这个岗位上，你将负责佳期高精尖算法研究平台的设计、搭建与优化，持续提高平台的易用性、可用性、扩展性和资源利用率从而带来研究规模和研究效率的整体提升。
岗位要求：
1）国内外知名院校的计算机科学本科及以上学历，1年以上工作经验或优秀应届生均可；
2）熟练掌握C/C++、Python、Go等开发语言，掌握常见的算法和数据结构；
3）具备良好的系统设计能力，具备性能、可靠性、可用性、可扩展性等方面的系统思考；
4）掌握Kubernetes的架构和基本使用，具备kubernetes开发能力者优先；
5）熟悉DevOps、MLOps概念及Best Practice，具备相关系统搭建和维护的经验；
6）具备开源机器学习平台、云原生系统、大数据系统、分布式存储、云原生调度系统以及训练框架的底层相关开发经验。",更新于：2024-01-27
机器学习/数据挖掘/NLP/视觉算法工程师,北京·海淀区·西北旺,20-40K,1-3年,本科,"搜索/推荐
Python
C/C++",百度,互联网,10000人以上,"【百度-搜索策略部】
欢迎信息检索、自然语言处理、机器学习、深度学习等相关研究领域的有意向者联系。团队主要负责百度视频搜索体验优化，方向不限于：基于大规模深度学习技术优化语义召回、语义匹配、用户行为建模等。
工作职责:
1.负责视频搜索排序模型及策略优化:包括但不限于异构混排、多目标、CTR&时长预估等模型及策略优化工作
2.负责视频质量识别及模型优化:包括但不限于大规模预训练，视频音频多模态联合建模，视频新热优质识别
岗位要求:
1.具有以下一个或多个领域的理论背景和实践经验:机器学习/数据挖掘/深度学习/自然语言处理/图像识别，有大型搜索引擎、广告系统、推荐系统建设经验优先
2.具有出色的编码能力，良好的编程习惯，数据结构和算法基础扎实，至少熟练掌握Java/C++/Python中的一种
3对数据敏感，具有优秀的逻辑思维能力，善于分析问题，解决问题；有良好的沟通能力，跨团队协作能力。",更新于：2024-01-19
人工智能机器学习深度算法电子单片机工程师,北京·海淀区·上地,11000-15000元/月,1-3年,大专,"深度学习
语音算法
推荐算法
图像算法
MATLAB
Python",俏嘴娃电商,计算机软件,0-20人,"工作周期：长期兼职
每周工期：无要求
工作时间：不限
工作时段：不限
结算方式：完工结
招聘截止时间：2024-12-31
【任职要求】
1、熟悉深度学习、机器学习等算法并能应用设计与开发，人工智能相关专业本科及以上学历。
2、熟悉C++、Python、Linux等编程语言开发。
2.多劳多得，薪酬只多不少；只要你有专业能力
4.做的多，得的多，前期会有专门的人和你沟通。
5.公司长期招C/单片机/物联网/PLC等专业人员。
【 时间自由 】欢迎咨询，长期有效。",更新于：2024-01-27
自然语言处理算法,北京·朝阳区·国贸,15-30K,1-3年,本科,"Java
C/C++
Python
计算机相关专业
自然语言处理项目经验
人机对话相关经验
自然语言识别
NLP
模型训练",微著丰融,互联网,,"职位描述
1、负责文本生成、文本摘要、实体命名等自然语言处理算法的研发和调优；
2、负责算法的优化与工程化实现，并满足实际业务场景中的应用；
3、负责NLP前沿问题的研究，包含开放域对话机器人方向、自然语言生成方向，通过实际应用场景，提供技术解决方案及技术规划；
4、通过对模型技术的研究分析，开展所需数据的分析，以及标注体系(Prompt/RLHF等)和实施方案设计，为模型技术研发和应用落地提供支撑。
岗位要求:
1、本科及以上学历，计算机、软件、信号处理、自动化、应用数学等相关专业，有NLP、深度学习、机器学习相关研发相关工作经历优先；
2、具备NLP领域的词法、句法、语法、文本分析方面基础算法能力，有自然语言处理、大数据、机器学习、深度学习或相关领域的实践经验；
3、具有较强的英文文献阅读及调研能力；
4、熟练使用C++/Java/Python，熟悉 Linux开发环境和shell，熟悉主流深度学习工具Pytorch；
5、具备NLP大模型训练经验者优先，如BERT、 GPT等LLM等相关经验；
6、具备多模态AIGC大模型训练经验者优先；
7、具有良好的沟通能力和团队合作精神，认真负责，较强的逻辑思维能力。",更新于：2024-01-27
NLP自然语言开发工程师,北京·海淀区·牡丹园,15-25K·14薪,经验不限,本科,"TensorFlow
Python
Word2vec",中教云,在线教育,500-999人,"岗位描述：
1、紧跟业界NLP⽂本⽣成技术，解决面向不同应用场景的内容文本生成问题；
2、预训练模型，如：prompt设计，⼤模型fine-tuning，模型蒸馏等； 可控⽂本⽣成，⻛格和主题控制；
3、利用自然语言处理、深度学习在海量文本处理及挖掘中的应用，包括信息抽取，新闻主题发现，文本相关度模型，知识图谱构建，语义理解等。
岗位要求：
1、对⾃然语⾔处理技术体系和应⽤场景有深刻理解，熟悉自然语言处理、深度学习领域一些开源的算法库或工具；
2、熟练掌握tensorflow、pytorch等深度学习框架，有较强的算法⼯程能⼒；熟悉主流⽂本⽣成的原理 和⽅法，有结合业务的落地实践经验；
3、具有优秀的分析、解决实际问题的能力，能够自我驱动，良好的团队合作精神，较强的沟通能力；
4、有AIGC相关产品落地经验者优先。",更新于：2024-01-27
自然语言处理开发工程师,北京,14-18K,1-3年,本科,"深度学习
机器学习
大模型算法
知识图谱
Python
SQL
优秀开源项目经历",中国科学院软件研究所,计算机软件,1000-9999人,"薪资范围：14k-18k
职位描述：
（1）参与实验室的项目和产品开发工作
（2）进行后台、Web端等产品和业务的需求分析、架构设计、代码开发等工作
任职要求：
（1）计算机、通信、电子、工程等相关专业，本科及以上学历；
（2）计算机基础扎实，有良好的数据结构与算法功底；
（3）熟练掌握python语言，有中型项目开发经验；
（4）了解自然语言处理的相关算法；
（5）有良好的数据库基础，有一定的SQL和NoSQL数据库的实用经验（MySQL，Mongo，Redis，elasticsearch等）；
（6）拥有良好的编码习惯，代码结构清晰、命名规范、逻辑性强、冗余率低；
（7）有极强的团队合作精神以及协作能力，沟通能力强，责任感主动性强，工作热情高，有上进心；
（8）有工作经验者优先；",更新于：2024-01-26
自然语言处理算法,北京·朝阳区·三里屯,12-20K,1年以内,本科,"对话系统
情感分析
C/C++
机器学习
深度学习
大模型算法",加和科技,互联网,100-499人,"岗位职责：
1、负责针对用户的评论内外部数据，以及业务反馈信息的数据采集和文本处理工作；
2、负责建模，用于识别用户情感倾向、业务敏感性、业务问题定位，业务预警等方向的数据应用，改进业务产品效果和提升体验；
3、负责海量社交内容进行深度分析，关键词提取、文本分类、实体识别、情感分析等.
岗位要求：
1、熟悉常用的算法包，有扎实的代码（Python/Java言）开发能力。
2、熟悉常见的自然语言处理(NLP)算法与模型（包括，语言模型、词袋模型，主题模型，w2v, CNN/RNN，Bret 等）；
3、参与或主导过NLP项目（等）；
4、有NLP系统开发经验，包括但不限于中文分词、文本分类、文本聚类、文本结构化、文本相似度计算、实体识别、句法分析、主题模型、话题分析、机器翻译、知识推理、知识图谱等自然语言处理相关领域。
5、有阅读paper并改进算法的能力，专注NLP技术者优先，有专业刊物论文发表者优先。
6、具备良好的沟通表达能力、团队合作精神，有较好的产品应用规划设计能力者优先。",更新于：2024-01-26
nlp自然语言处理算法工程师,北京,15-30K,经验不限,本科,"计算机相关专业
知识图谱相关经验
人机对话相关经验",云孚科技,企业服务,20-99人,"【岗位职责】
1. 业内领先的自然语言处理、知识图谱、开源情报商业系统研发。
2. 自然语言处理全栈算法模型调优。
3. 学术届最新算法模型跟进及实现。
【任职要求】
1. 有一定的NLP、Python开发经验。
2. 渴望投身自然语言处理领域。
3. 逻辑思维好，学习能力强。
4. 渴望成长，心态积极，责任心强，抗压能力强。",更新于：2024-01-26
自然语言处理（NLP）算法工程师【No.003】,北京,20-40K·14薪,1-3年,本科,"C/C++
Python
TensorFlow
计算机相关专业
自然语言处理项目经验",UMU,企业服务,100-499人,"岗位职责：
1. 语音特征识别，文本分词、语义识别, 情感分析
2. 词汇挖掘实体识别, 知识图谱的建模
3. 探索前沿技术并应用
任职资格：
1. 统招本科及以上学历，数学、计算机相关专业，985院校优先考虑；
2. 机器学习、有深度学习经验，了解RNN，LSTM原理，了解自然语言处理常用算法；
3. 熟悉C/C++、Python语言，熟悉Linux编程；
4. 了解语音识别原理, 有过项目实践优先
5. 有强烈技术热情, 数学功底扎实，良好的逻辑思维能力；
6. 熟练使用Tensorflow， 分布式训练。",更新于：2024-01-26
自然语言处理算法,北京·朝阳区·大望路,10-15K,1-3年,本科,"搜索/信息检索算法经验
自然语言处理经验
医学相关专业
医疗行业经验",北京唐凡煜采健康管理,医疗服务,,"高薪诚聘：
医学专业优先
熟练掌握人工智能方向
短视频制作、文案生成处理
本科以上学历",更新于：2024-01-27
机器学习/数据挖掘/自然语言处理工程师,北京,25-30K·16薪,1-3年,本科,计算机相关专业,百度在线,互联网,10000人以上,"【工作职责】：
1. 负责业内领先搜索算法、内容理解算法的调研和评估，通过传统机器学习和超大规模深度学习算法（NLP/多模态），打造业界领先的千亿级别网页内容理解技术体系
2. 设计策略和算法及分析系统的技术缺陷，对策略和系统做出合理的优化升级；
【任职要求】：
1. 本科及以上学历，计算机相关专业；
2. 岗位一需熟练使用C/C++，岗位二熟练使用C/C++/Python等其中一门语言即可；熟悉常用数据结构及算法，有一定linux使用经验优先；
3. 岗位二需熟悉机器学习、数据挖掘、自然语言处理等常用算法，有相关项目经验、深度学习经验者优先；
4. 工作积极主动，具有强烈的责任心，务实，具备良好的团队合作精神和沟通意识；
5. 具有突出的学习理解能力、逻辑思维能力、沟通协作能力和抗压能力，善于分析问题和解决问题；",更新于：2024-01-27
自然语言处理算法工程师（NLP）,北京·海淀区·上地,15-30K,经验不限,本科,"PyTorch
计算机相关专业
自然语言处理项目经验
人机对话相关经验
超大模型训练优化",捷通华声,互联网,100-499人,"【硕士研究生及以上学历，可解决户口】
岗位职责：
1.负责预训练大模型的训练优化；
2.负责基于预训练大模型的下游应用落地研究；
3.负责文本问答和对话的算法研究、模型训练和优化工作；
4.跟进行业前沿技术发展趋势，跟踪国际最新算法发展方向和相应技术。
任职资格：
1.学历要求：
‒ 统招硕士及以上学历，计算机相关专业；
2.工作经验：
‒ 1年以上基于结构化问答与语义匹配的智能问答、多轮对话等相关工作经历或实验室研究背景；
2.能力要求：
‒ 熟悉Linux环境，能够熟练使用python进行开发，熟悉STL等基本数据结构；
‒ 熟练使用常用深度学习框架如PyTorch；
‒ 熟悉常用深度学习网络结构如GPT/T5/BERT/Transformer；
‒ 熟悉NLP常用任务如文本聚类/命名实体识别/文本分类；
3.素质要求：
‒ 工作踏实，态度积极，责任心强，能够承受工作压力；
‒ 热爱自然语言处理，对技术和算法研究有强烈的兴趣，勇于创新；
‒ 具备较好的学习能力、问题分析能力，具备主动、独立解决问题的能力；
4.优先考虑：
‒ 有超大模型训练优化经验者优先。",更新于：2024-01-26
自然语言处理部自然语言处理数据标注分析师,北京·海淀区·西北旺,15-25K·16薪,1-3年,本科,"数据标注
文本标注
全职工作
汉语言文学",百度,互联网,10000人以上,"-负责自然语言处理技术相关的数据分析标注工作
-负责搜索推荐结果优化的数据分析标注工作
-负责跨模态理解和生成相关的数据分析和标注工作
-包括但不限于词法、句法、问答、对话、摘要、机器翻译等方向的语言分析和标注工作
任职资格
-语言学及应用语言学、英文、翻译等相关专业（专业八级，持有口译笔译证书者优先），有语料库建设相关工作经验者优先
-熟练使用EXCEL等办公软件和统计工具
-对互联网工作感兴趣，爱好广泛，对互联网产品有了解
-认真踏实、抗压能力强、有责任心",更新于：2024-01-26
自然语言处理,北京·朝阳区·花家地,15-21K,1-3年,本科,"Python
算法设计",动次科技,医疗健康,20-99人,"【岗位职责】
1.本科以上学历，计算机及相关专业，数学专业优先
2.至少熟悉一种数据库，熟悉ORACLE的优先，有自然语言处理经验的优先
3.熟悉大数据组件，如hive、spark、kafka、hbase，熟悉HQL的优化方案，有海量数据（TB级）处理经验的优先。
4.熟悉Linux操作系统，熟悉常见的SHELL命令
5.至少熟悉Java,scala，python等语言中的一种及以上
6.熟悉常用自然语言处理算法及算法原理",更新于：2024-01-24
自然语言处理算法,北京,11000-12000元/月,1-3年,硕士,"强化学习
机器学习
大模型算法
图像算法
自然语言处理算法
推荐算法
Python
算法工程化经验
发表算法相关优秀论文
参加算法相关竞赛/获奖",北京源舫科技有限公司,计算机软件,100-499人,"工作周期：长期兼职
每周工期：无要求
工作时间：不限
工作时段：不限
结算方式：月结
招聘截止时间：2024-02-17
招人工智能/深度学习开发者啦，注意是兼职兼职兼职哦，通过帮助客户开发相应的深度学习程序，或者是讲解编程等知识，然后获得相应的劳动报酬，希望优秀又想适当兼职的你联系我们哦～",更新于：2024-01-23
自然语言处理,北京,15-25K,1-3年,本科,"Python
PyTorch
Selenium
机器学习经验
大模型",某大型企业服务公司,企业服务,500-999人,"根据客户的业务需求，定制和优化深度学习模型。
使用Python或其他语言进行数据处理、模型训练和调优。
与客户紧密合作，确保模型满足其特定需求。
出差至客户现场进行模型培训、实施和支持。
持续评估并推荐使用的新技术、工具和方法。。基本要求：
学士学位或以上学历，计算机科学、统计学或相关专业。
至少2年的深度学习模型训练经验。
熟练掌握Python，具有数据处理和分析经验。
对深度学习基本原理有深入理解。
良好的沟通能力和客户服务态度。
能够适应频繁的出差。",更新于：2024-01-27
自然语言处理/文本大模型算法,北京·海淀区·上地,15-26K,经验不限,本科,"不限
自然语言处理算法
Python
文本挖掘
NLP",国道数据,大数据,100-499人,"岗位职责：
1、利用自然语言算法进行文本生成，智能标注/著录、智能分类、文献之间关联、智能识别违禁词等，提高工作效率；
2、与产品经理和设计师合作，将NLP与在线教育产品进行整合；
岗位要求：
1、计算机科学相关教育背景，本科及以上学历优先考虑;
2、至少2年以上在自然语言处理的工作经验，了解大语言模型；
3、 熟悉深度学习框架（如TensorFlow, PyTorch等）以及常用的自然语言处理库（如NLTK, spaCy等）；
4、精通Python编程，对自然语言处理和机器学习领域的前沿技术有深入的了解和研究；",更新于：2024-01-27
兼职自然语言处理(NLP)算法工程师,北京·海淀区·清河,100-150元/时,经验不限,学历不限,"C/C++
Java
Python
计算机相关专业
自然语言处理项目经验",昆明寻真科技有限公司,互联网,0-20人,"工作周期：长期兼职
每周工期：无要求
工作时间：不限
工作时段：不限
结算方式：完工结
招聘截止时间：2024-12-31
1. 平台投入资源，运营客户渠道及项目来源；
2. 向您推送经初步沟通梳理的项目需求，您根据个人时间安排和意愿接单；
3. 与平台紧密配合，为客户提供优质服务，同时保障自身利益；
4. 项目顺利完成，提供短期售后（默认15天）、安排结算日程
【职位介绍】
需求形式：自然语言处理算法/模型/接口/软件开发、实用算法研发、创新性算法研发等。
工作内容：针对客户的需求提供定制化服务。
常见能力需求：(* 以下仅为列举部分常见能力要求，申请者部分满足即可)
1）熟练掌握自然语言处理常用开发语言（e.g., Python, R, Java, C++, etc.）；
2）熟悉自然语言处理常用开源库（e.g., NLTK, Genism, Spacy, etc.）；
3）熟悉传统文本分析算法（e.g., TF-IDF, HMM, CRF, etc.）;
4）熟悉自然语言处理常用的深度学习框架（e.g., Pytorch, TensorFlow, Keras, Caffe, etc.）；
5）熟悉自然语言处理常用的深度学习模型（e.g., LSTM, GAN, Bert, GPT, etc.）；
6）跟进相关领域的最新网络/模型；
7）良好的自然语言处理tricks/算法积累、经验和直觉；
8）丰富的下游任务处理、复杂自然语言处理系统实现经验；
9）熟悉特定语言、小语种的语言学知识、语料来源及处理方式；
10）GUI开发和软件交互设计能力。
优先选项：1. 研究方向相符的在校硕士、博士；2. 业余时间充裕的在职工程师、科学家；3. 拥有自己的模型库、代码库积累，能够快速实现需求；4. 具备复杂自然语言处理系统的设计实现能力。
薪酬待遇：项目佣金制，根据项目金额大小，单个订单可获取收入通常在数千元至数万元。
工作地点：远程工作，自主安排。
【远期培养】
1. 资深兼职算法工程师、职业生涯伙伴。
2. 有机会参与平台自研系统中的自然语言处理算法模型设计。
3. 平台（远程/在驻）全职自然语言处理算法工程师。
4. 更多远景规划......
【关于我们】
晨凫自由是一个科技自由职业平台，这里汇聚来自知名互联网公司、分析咨询机构、高校及科研院所的工程师、分析师和专业研究人才，致力于为个人、企业、公共服务部门、科研院所客户提供全天候、无死角的科技支持能力与协同创新支撑。目前，平台提供服务内容涵盖分析咨询、技术开发、科研合作、政务信息化、工业智能化等诸多领域。欢迎访问平台官网：https://www.dawnswim.cn、公众号：”晨凫自由+“，更多了解我们。",更新于：2024-01-27
自然语言处理算法,北京·昌平区·天通苑,12-16K,1-3年,本科,"搜索/推荐
语音/图像识别
翻译
Python
CNN/RNN/LSTM
计算机相关专业
机器学习算法/工程化经验
深度学习经验",北京源舫科技有限公司,计算机软件,100-499人,招人工智能/深度学习开发者啦，注意是兼职兼职兼职哦，通过帮助客户开发相应的深度学习程序，或者是讲解编程等知识，然后获得相应的劳动报酬，希望优秀又想适当兼职的你联系我们哦～,更新于：2024-01-27
自然语言算法工程师,北京·朝阳区·二外,25-50K·14薪,经验不限,本科,计算机相关专业,猎豹移动,互联网,1000-9999人,"工作职责:
1、参与ChatGPT相关和大语言模型相关算法的研究和实现，参与模型的优化和产品性能提升;
2、与其他技术和产品团队紧密合作，帮助算法和产品的落地和上线;
3、分析技术问题，高效执行解决技术方案，保证产品落地;
4、跟踪最新行业进展，并运用到工作中.
任职资格:
1、熟练掌握机器学习或NLP算法，能够运用到实际工作中;
2、具备良好的编程能力，熟悉Python等相关编程语言，熟练掌握PyTorch、TensorFlow等深度学习框架;
3、具备大语言模型相关经验更佳，了解大模型训练、多卡训练、模型压缩等技术;
4、具备创业精神，热爱创新，对AI充满热忱，具备团队协作精神。",更新于：2024-01-26
自然语言处理算法,北京·海淀区·西北旺,20-40K·16薪,经验不限,本科,"Python
TensorFlow
PyTorch",华为,计算机软件,10000人以上,"【工作职责】
1、 面向CBG供应链、风控、用户经营、用户声音、零售、渠道等相关领域和产品，通过AI相关的算法推动CBG的商业数字化和智能化转型；
2、 准确把握数据挖掘领域发展趋势，识别和关注当下的关键需求及关键技术，与公司核心部门及顶级高校进行技术合作、交流，优势互补，使能商业成功；
3、 技术算法平台建设，收集并整理各类数据构建业务数据池，集成业界主流的数据处理、算法模型技术，形成通用化的核心AI智能化处理平台。
符合但不局限于以下人工智能及优化方向：
a) 机器学习方向：
1、熟悉数据分析、特征工程等相关数据挖掘流程，同时熟悉回归，聚类，分类，推荐等机器学习算法实现，对常见的算法理解透彻；
2、从事机器学习算法和理论前沿研究及应用。研究领域包括但不限于：监督学习、半监督学习、联邦学习、时序预测、异常检测、元学习、AutoML、 深度学习、强化学习及模式识别等；
b) 自然语言处理/语音语义方向：
1、从事但不限于文本分析、情感分析、实体抽取及关联抽取、语言消歧、机器翻译、对话和问答系统、深度自然语言处理、多模态语义理解、知识图谱等方向的应用研究和开发工作；
2、负责自然语言处理核心算法及平台的设计与研发，提升自然语言相关产品的核心竞争力和用户体验；
c) 运筹优化方向：
1、负责运筹优化方向的算法研究和开发，包括但不限于资源分配、路径优化、调度优化、智能分货、库存管理、定价策略及仿真平台构建等相关项目；
2、熟悉组合优化、动态规划、启发式优化、随机优化、博弈论等算法能力；
d）推荐搜索方向：
1、从事但不限于包括用户画像、用户建模、精准营销、lookalike、目标人群选择，个性化的推荐，CTR预估等相关项目的算法研究与实现；
2、洞察推荐系统和信息检索技术在工业级产品的有效解决方案；洞察学术界推荐系统和信息检索的最新研究成果，满足业务需求；
e) AI平台/性能优化方向：
1、算法优化：负责AI算法中计算在华为CPU/GPU/NPU等处理器上的计算性能优化，基础库设计；负责CNN/RNN/RL等模型的效果评估分析；负责持续跟踪业界最优实现，超越并创新；
2、系统平台：负责AI相关系统平台的设计、开发和优化工作，在性能和易用性等指标上做好平衡；负责持续跟踪业界最优实现，超越并创新；负责和上下游客户对接，持续提升平台的性能和表现。
【任职要求】
业务技能要求：
1、具备较强的沟通能力和需求分析能力，有将业务需求转化为场景解决方案并驱动落地的实践经验；
2、参与过完整的算法类项目的建模、设计和开发；
3、富有激情和技术追求，具有优秀的问题分析能力、创新能力和动手能力，提出过相关领域改进和扩展技术方案；
4、对数据有一定的敏感及洞察能力。
专业知识要求：
1、过硬的科研背景和扎实的算法基础，有相关科研成果（如相关论文、专利或者报告）优先；
2、具备扎实的编程实现能力，熟练使用C/C++、Python、Scala、Java等编程语言，对Hadoop、Hive、Spark、Storm等大规模数据存储与运算平台有实践经验。",更新于：2024-01-26
自然语言处理算法工程师,北京·海淀区·西北旺,15-30K·14薪,1-3年,本科,"意图挖掘
C/C++
Python
深度学习",华为云计算,计算机服务,10000人以上,"工业AIGC大模型，是大模型领域的一个全新方向，融合了AIGC、LLM和3D图形学等前沿技术。本团队汇聚了AI、图形学、CAD、仿真、EDA等领域的优秀人才，聚焦于通过对3D多模态大模型的构建，在CAD、数字孪生、元宇宙、EDA、MBD等系列领域形成质的突破，助力国产工业软件的整体变革。工业AIGC大模型既是全新的挑战，又是全新的机遇，期待有志者加入，共同实现这一伟大创举。
岗位职责
1. 负责工业AIGC大模型方向上的NLP相关算法研发，包括文生代码、多轮对话、文生3D的前半部分算法等；
2. 追踪和探索自然语言处理/大语言模型等领域的前沿新技术和应用场景，推进团队不断创新；
3. 参与工业AIGC大模型的迭代，包括训练、测试与部署，并进行性能评估和调优；
4. 与产品经理、软件工程师以及其他相关团队紧密合作，将AI技术应用到公司的业务中。
岗位要求
1. 计算机、数学、自动化、人工智能、软件工程等相关专业，有良好的科研素养，能熟读专业论文并做出深入洞察；
2. 有扎实的算法基础，熟悉NLP相关算法与模型，包括实体识别、文本分类、文本生成、问答系统、分词和词性标注、信息抽取等；熟悉CNN、LSTM、Bert、Attention、CRF等算法，熟悉prompt优化、模型微调等，熟悉ICL、CoT/ToT、Learning from Natural Instruction，AI Agent·；有知识图谱、反向强化学习和RAG经验者优先；
3. 精通pytorch、TensorFlow、MindSpore等深度学习框架中任意一种，熟悉LangChain，熟悉ChatGLM、QWen、Minstral等LLM模型中的至少一种，有复杂算法设计、实现、分析和调优能力；
4. 有扎实的工程能力，精通python、c++语言，熟悉docker等工程部署，有3年以上的工作经验；
5. 对新技术敏感，积极主动，有钻研和创新精神，良好沟通和团队合作能力，具备独立的问题分析及解决能力。",更新于：2024-01-27
自然语言处理算法工程师,北京·海淀区·皂君庙,30-60K·15薪,经验不限,本科,NLP,北京字节跳动,移动互联网,10000人以上,"职位描述
1、支持快速增长的内容套件业务，建设垂直领域的知识图谱和标签体系为客户服务；
2、探索NLP技术对中小规模客户的业务支持，提升用户消费核心指标；
3、探索 NLP 相关前沿技术，并应用落地到内容套件的业务场景中。
职位要求
1、扎实的NLP算法基础，对文本分类、相似匹配、序列标注、知识图谱、意图理解、词义消歧等领域有较深入理解和实践经验；
2、熟悉知识图谱构建和推理相关的技术。对关系抽取、关系分类、序列标注、实体对齐、知识推理、图算法等方向有深入的研究和相关应用开发经验；
3、熟悉常用的机器学习和深度学习算法，了解基本的网络模型结构（DNN/LSTM/CNN等）和文本表征方法（LDA/Word2Vec/BERT等），对深度学习训练和推理模型调优有实操经验；
4、熟悉Linux开发环境，有扎实的算法和数据结构功底；
5、良好的问题解决能力、团队合作意识和沟通能力，有相关业务场景实践经验者优先；",更新于：2024-01-25
自然语言处理方向算法工程师,北京·海淀区·上地,8-12K·13薪,1-3年,本科,"机器学习
大模型算法
自然语言处理算法
Python
算法工程化经验",中科院信工所,信息安全,1000-9999人,"职位职责：
1. 设计、开发和优化自然语言处理算法和数据挖掘模型，用于文本分类、情感分析、实体识别、关系抽取等任务。
2. 研究和实现自然语言处理与机器学习算法的最新进展，以提高系统的性能和效率。
3. 处理和分析大规模文本数据，从中挖掘出有价值的信息和模式。
4. 与团队成员合作，解决实际问题并将算法应用到实际产品中。
职位要求：
1. 本科及以上学历，计算机科学、人工智能、数据科学或相关专业背景。
2. 具备扎实的自然语言处理和数据挖掘理论基础，熟悉常用的算法和模型，如词嵌入、循环神经网络、卷积神经网络、注意力机制、预训练语言模型等。
3. 熟练掌握Python编程语言，具备良好的编码和调试能力。
4. 具备数据处理和分析的经验，熟悉常用的数据挖掘工具和技术，如Pandas、NumPy、Scikit-learn等。
5. 熟悉深度学习框架，如TensorFlow、PyTorch等，并有相关项目经验者优先考虑。
6. 具备良好的沟通能力和团队合作精神，能够与不同背景的团队成员高效协作。",更新于：2024-01-26
自然语言处理工程师,北京·海淀区·学院路,18-35K·15薪,1年以内,本科,"Python
TensorFlow
计算机相关专业
自然语言处理项目经验
知识图谱相关经验",杰谱特,计算机软件,20-99人,"岗位描述：
负责公司大模型的研发和应用，解决大模型在垂直领域的落地问题
工作内容：
基于垂直领域数据的大模型适配和调优，参与前沿论文复现、模型技术调研，并根据实际客户场景进行数据收集及清洗、模型迭代、评估等
职位要求
1、优秀的代码能力、数据结构和基础算法功底，熟练C/C++或Python，ACM/ICPC、NOI/IOI、Top Coder、Kaggle等比赛获奖者优先；
2、熟悉NLP相关的算法和技术，熟悉大模型预训练、微调、以及RL算法者优先；
3、在大模型领域，主导过大影响力的项目或论文者优先；
4、出色的问题分析和解决能力，能深入解决大模型训练和应用存在的问题；
5、良好的沟通协作能力，能和团队一起探索新技术，推进技术进步。",更新于：2024-01-27
自然语言处理,北京·海淀区·五道口,30-60K·14薪,经验不限,本科,"自然语言处理项目经验
知识图谱相关经验
大模型",面壁智能,计算机服务,20-99人,"岗位职责：
1. 参与大规模预训练语言模型的研发、部署、微调,主要涉及功能实现、性能优化、系统调优、硬件适配等工作;
2. 基于公司业务场景需求进行NLP相关研发;
3. 根据需求复现相关自然语言处理算法;
4. 参与前沿算法与应用的研究。
任职资格：
1. 自然语言处理、机器学习及相关专业;
2. 较强的算法开发能力，熟悉C++、python、shell、cuda等一种或多种编程语言;
3. 掌握传统NLP、深度学习NLP相关算法，并具有相关实战经验;
4. 熟练使用 Pytorch 深度学习框架；
5. 对深度学习、Transformer、预训练有一定深度的理解和经验,能根据论文复现相关算法,有大规模预训练模型研发和训练经验者优先;
6. 高质量相关论文ACL，EMNLP，COLING，NAACL作者优先；
7. 可接受有大模型研究经历的应届生。
我们的福利：
国内顶尖大模型团队；全员Mac pro办公；配备人体工学座椅；五险一金（全额缴纳）；补充医疗；每年12天带薪年假；餐补；全员年度体检；零食下午茶无限畅享；月度团建；员工年度旅游。",更新于：2024-01-26
NLP 自然语言处理,北京,13-22K,1-3年,大专,"Java
自然语言处理项目经验
计算机相关专业
数学/统计相关专业
Python
TensorFlow",盈科千信,互联网,100-499人,"岗位职责：
1、集成和实施自然语言处理模型，如Transformer-based模型等
2、负责自然语言处理相关算法工作，如文本分类、情感分析、实体识别、关系抽取、知识图谱等大语言模型的训练、对齐、任务调优等工作
2、通过对数据的敏锐洞察，进行数据挖掘、分析工作，并用于实际问题的解决和优化
3、结合产品和业务场景实现技术落地
【任职资格】
1、计算机、数学、统计、人工智能等相关专业本科以上学历，2年以上工作经验
2、Python/Java技术背景，对数据结构和算法有深入理解和研究
3、熟悉 Transformer、Bert、RoBERTa、T5、GPT 等预训练模型
4、熟练使用TensorFlow、Pytorch等深度学习框架并有1个以上工程化项目经验
5、具有较好的团队沟通合作能力、理解能力和抗压能力，有责任心和自驱力",更新于：2024-01-19
自然语言处理工程师_外派500强外企,北京·朝阳区·望京,13-19K,1年以内,本科,"文本生成
大数据处理工具(Spark/Hadoop/Hive)
深度学习",Syntronic,通信/网络设备,500-999人,"外派康明斯中国（500强外企），入职缴纳六险一金，超长带薪年假。
工作概要:
-研究和开发自然语言处理算法 (文本分类，语义分割，实体识别等)
-将自然语言处理、深度学习和其他领域的算法应用于实际场景，如知识图谱，问答系统，推荐系统等
-优化当前的模型，排除故障和调试模型帮助工程团队将其整合到实际生产应用中
主要职责:
统计学、计算机科学、数据科学、数学或汽车工程或密切相关的 STEM 领域的本科或硕士；
良好的自学、分析、写作和沟通能力；
在一个快节奏的团队环境中提供技术贡献，以加快我们建立一个分析驱动的产品通道；
评估需求并推荐实验、数据和项目，建议新的算法开发，推动关于方法和所需数据的战术决策；
使用深度学习和机器学习算法，以及高级数学模型来提供洞察力、建议和解决方案；
开发可持续的、可消费的、准确的、有影响力的关于模型输入、模型输出、观察输出和关键绩效指标(KPI)的报告；
向团队成员和利益相关者展示令人信服的、经过验证的故事。
资格和能力：
-在深度学习和机器学习算法方面有比较熟练的掌握；
- 熟悉 Python NLP/ML 工具; Bert、Transformer、Attention、CRF、Sklearn、Numpy，以及至少-个深度学习包 (Tensorflow/PvTorch/Keras)有开发、训练和评估深度学习和机器学习模型的经验；
-在实现自然语言处理的深度学习架构方面有一定的理论基础和实践经验。",更新于：2024-01-27
自然语言处理算法,北京·朝阳区·大望路,18-35K,经验不限,本科,"Python
PyTorch
自然语言处理项目经验
人机对话相关经验
知识图谱相关经验",云客,企业服务,100-499人,"工作职责：
研发、集成和实施先进的自然语言处理模型，如transformer-based模型、GPT-4、BERT等等。
利用自然语言处理技术进行信息提取，情感分析，文本分类等任务，并和大语言模型进行整合，推出产品。
收集，清洗，处理和分析大规模文本数据，以提供高质量的训练数据集。
与产品和工程团队紧密合作，理解和定义项目需求，并可以指导工程团队的开发工作。
关注最新的自然语言处理技术动态，快速吸收并实践新出现的模型和方法。
任职资格：
计算机科学，人工智能，机器学习，语言学或相关领域的本科、硕士或博士学位。
至少3年的自然语言处理，机器学习或相关领域的工作经验。
对深度学习和自然语言处理技术有深入理解，包括但不限于词嵌入，序列建模，注意力机制等。
熟练掌握Python编程，以及相关的库如TensorFlow, PyTorch, Keras等。
对新出现的自然语言处理模型有深入理解，如GPT-4，BERT等，且能够快速上手搭建这些模型。
优秀的问题解决和批判性思考能力。
强大的团队协作和沟通技巧。
优先考虑：
具有独立开发并实施自然语言处理系统的经验。
具有大规模数据处理经验。
已经发表过自然语言处理或机器学习相关的学术论文。",更新于：2024-01-24
自然语言处理,北京,40-60K·16薪,经验不限,本科,"机器翻译
文本生成
语音算法
Java
优秀开源项目经历
NLP",某大型知名互联网公司,互联网,10000人以上,"职位描述1、负责百科场景的大模型预训练和微调的工作，优化生成模型的效果，服务百科业务需求； 2、基于AIGC技术优化产品质量和效果，提升效率，改善用户体验； 3、基于知识图谱的SPO数据生成结构化内容，提升数据的准确性和时效性。 职位要求1、本科及以上学历，有一定的NLP项目经验，计算机相关专业背景优先； 2、熟悉LLM相关技术，有技术追求，能够熟练使用技术解决业务问题； 3、动手能力强，能快速做技术调研和实验，积极主动； 4、日常中注重合作，有良好的沟通表达能力，勇于迎接挑战。
职位描述1、负责百科场景的大模型预训练和微调的工作，优化生成模型的效果，服务百科业务需求； 2、基于AIGC技术优化产品质量和效果，提升效率，改善用户体验； 3、基于知识图谱的SPO数据生成结构化内容，提升数据的准确性和时效性。 职位要求1、本科及以上学历，有一定的NLP项目经验，计算机相关专业背景优先； 2、熟悉LLM相关技术，有技术追求，能够熟练使用技术解决业务问题； 3、动手能力强，能快速做技术调研和实验，积极主动； 4、日常中注重合作，有良好的沟通表达能力，勇于迎接挑战。",更新于：2024-01-26
自然语言处理算法工程师(021924),北京·朝阳区·太阳宫,25-40K,经验不限,学历不限,"语音算法
对话系统
Python
大模型算法
自然语言",长城汽车,汽车研发/制造,10000人以上,"岗位职责:
1.负责对话机器人、智能客服相关的NLU算法研究和开发，包括但不限于自然语言的意图分析、实体抽取、对话状态管理、对话生成、知识问答等算法的研究工作；
2.深入分析用户的使用数据，设计并实验新的优化自言语言理解整体效果的方法；
3.探索业界最新的研究成果，结合实际业务，落地到产品。
任职要求:
1.工作1年以上，具有自然语言处理、模式识别或者机器学习相关专业硕士以上学历；
2.有知识问答系统、语音对话系统等相关开发经验者优先；
3.有Word Embedding、RNN、transformer、BERT等算法相关工作经验者优先；
4.扎实的Java或者Python的编程能力。",更新于：2024-01-25
自然语言处理算法,北京,40-70K,经验不限,本科,"自然语言处理项目经验
知识图谱相关经验
人机对话相关经验",某知名企业,互联网,10000人以上,"岗位职责
1、参与建设NLP大模型训练工程体系，优化千卡规模分布式训练的性能和稳定性，探索行业前沿的技术并落地。
任职要求
1、本科及以上学历，精通python和C++，具备优秀的工程实现能力和系统设计能力；
2、精通PyTorch、Megatron、DeepSpeed等框架和各种并行策略，有大规模分布式训练性能优化的经验；
3、掌握cuda编程和常见算子优化方法和开源实现，有能力对特定模型结构进行深度性能优化；
4、熟悉深度学习原理，深入了解Transformer等模型架构和常见的优化方法；
5、具备良好的沟通能力、团队协作精神和强烈的责任心、自驱力。",更新于：2024-01-26
自然语言处理/NLP,北京,30-60K·16薪,经验不限,本科,"Python
C/C++
Java
自然语言处理项目经验
大型对话系统
大横型训练",某大型社交网络公司,社交网络,100-499人,"工作职责：
1、利用 NLP 技术在大量文本中进行数据挖掘及文本处理，包括文本相关性模型、命名实体识别等、
2、承担预训练模型的训练、开发和调优工作,包括但不限于:prompt 设计、大模型 finetuning、大模型训练
3、紧跟前沿 NLP 生成技术，解决实际应用场景中的内容生成问题
4、负责对话系统平台搭建和研发工作
任职要求：
1、计算机相关专业硕士、博士或者优秀本科
2、熟练掌握 Python/C++/Java 中至少一门语言，熟练掌握 tensorlow/pytorch/keras 等深度学习框架
3、熟悉 BERT系列以及GPT 系列等预训练模型，熟悉 Transformer 等深度学习模型，熟悉主流文本生成的原理和方法，有结合业务的落地经验者优先
4、过往有参与过大型对话系统、大横型训练和部罢经验者优先
5、有 ACL、EMNLP、ICLR 等会议论文发表者优先
6、良好的自驱力，较强的团队合作精神",更新于：2024-01-26
app.风控、算法、数据挖掘工程师,北京·朝阳区·大望路,75-80K,经验不限,本科,"深度学习
大模型算法
强化学习
推荐算法
搜索算法
风控算法
Python
并行计算
嵌入式开发
算法工程化经验
团队管理经验
优秀开源项目经历",耀坤网络科技,计算机软件,,寻可以做某红书的点赞数据这类技术、一手大量资源、绕些风控这类技术、能做的有经验者详聊，薪资方面或合作方面都可以谈、价钱包满意、有技术者找我。,更新于：2024-01-27
机器学习/数据挖掘/自然语言处理工程师,北京,25-30K·16薪,1-3年,本科,计算机相关专业,百度在线,互联网,10000人以上,"【工作职责】：
1. 负责业内领先搜索算法、内容理解算法的调研和评估，通过传统机器学习和超大规模深度学习算法（NLP/多模态），打造业界领先的千亿级别网页内容理解技术体系
2. 设计策略和算法及分析系统的技术缺陷，对策略和系统做出合理的优化升级；
【任职要求】：
1. 本科及以上学历，计算机相关专业；
2. 岗位一需熟练使用C/C++，岗位二熟练使用C/C++/Python等其中一门语言即可；熟悉常用数据结构及算法，有一定linux使用经验优先；
3. 岗位二需熟悉机器学习、数据挖掘、自然语言处理等常用算法，有相关项目经验、深度学习经验者优先；
4. 工作积极主动，具有强烈的责任心，务实，具备良好的团队合作精神和沟通意识；
5. 具有突出的学习理解能力、逻辑思维能力、沟通协作能力和抗压能力，善于分析问题和解决问题；",更新于：2024-01-27
数据挖掘（搜索推荐）,北京·朝阳区·西坝河,50-80K·14薪,1-3年,本科,"Java
机器学习经验
大数据处理经验
风控相关经验",BOSS直聘,人力资源服务,1000-9999人,"工作职责
- 研究数据挖掘或统计学习领域的前沿技术,并用于实际问题的解决和优化
- 广告投放方向数据和策略的挖掘，帮助客户实现智能化投放
-通过对数据的敏锐洞察,深入挖掘产品潜在价值和需求,进而提供更有价值的产品和服务,通过技术创新推动产品成长
职责要求：
-热爱互联网，对技术研究和应用抱有浓厚的兴趣，有强烈的上进心和求知欲，善于学习和运用新知识
-具有以下一个或多个领域的理论背景和实践经验：机器学习/数据挖掘/深度学习/信息检索/自然语言处理
-至少精通一门编程语言，熟悉网络编程、多线程、分布式编程技术，对数据结构和算法设计有较为深刻的理解
-良好的逻辑思维能力，对数据敏感，能够发现关键数据、抓住核心问题
-较强的沟通能力和逻辑表达能力，具备良好的团队合作精神和主动沟通意识",更新于：2024-01-26
数据挖掘（轨迹数据处理）,北京·丰台区·丽泽,12-24K·14薪,1-3年,本科,"数据挖掘
算法",亿海蓝,互联网,100-499人,"岗位职责：
1、针对具体业务场景，抽象数据需求，基于现有特征体系与算法模型，解决业务问题；
2、调研和应用数据挖掘算法，从海量轨迹数据中挖掘船舶行为特征，建设丰富的船舶行为特征体系；
3、负责基于轨迹数据的算法策略开发，利用数据挖掘算法，构建船舶基础数据，沉淀轨迹处理工具。
任职要求：
1、硕士学历，优秀本科也可，统计学、数学、计算机等相关专业；
2、优秀的逻辑思维、学习能力和理解沟通能力，能快速理解业务需求，对数据敏感；
3、熟悉主流的机器学习和深度学习的模型，有相关的算法实际应用的案例与经验；
4、熟练掌握大数据处理与分析的工具与框架；
5、具有时空轨迹数据处理经验者优先。",更新于：2024-01-25
数据挖掘-定价,北京·昌平区·龙泽,30-50K·15薪,3-5年,本科,"定价
数据挖掘",滴滴,移动互联网,1000-9999人,"【岗位职责】
* 设计、实现和优化定价算法，确保最佳利益平衡，提高货运服务的效益。
* 开发和改进补贴增长算法，确保货运司机和用户的利益，促进业务的可持续增长。
* 与产品团队和业务团队密切合作，深入了解业务需求，找到业务增长的机会和挑战。
* 运用数据分析和机器学习技术，对业务数据进行挖掘和建模，提供有效的业务解决方案。
* 研究最新的算法技术和行业趋势，不断学习和改进算法模型，提高系统性能和效果。
* 协作团队成员，进行项目规划和进度管理，确保算法开发和优化工作的顺利进行。
【任职资格】
* 工作年限2-5年左右
* 计算机科学、数据科学、应用数学、统计学或相关领域。
* 扎实的数据结构和算法基础，熟悉常见的算法（如因果分析、统筹优化等、进化学习等）和数据挖掘技术。
* 熟练掌握至少一种编程语言，如Python、Java或C++。
* 具备数据分析和建模经验，熟悉常用的数据科学工具和库，如NumPy、Pandas、Scikit-learn等。
* 熟悉机器学习算法和深度学习框架，如TensorFlow、PyTorch等。
* 具备良好的问题解决能力和团队合作能力，能够高效地与不同团队进行沟通和协作。
* 对于业务和行业有敏锐的洞察力，善于发现并解决业务增长中的挑战和机遇。",更新于：2024-01-26
机器学习/数据挖掘算法工程师【核心】,北京·海淀区·上地,30-50K·14薪,经验不限,本科,"大模型算法
推荐算法
Python
nlp
自然语言处理",作业帮,互联网,10000人以上,"岗位职责：
1. 基于多场景的用户行为，负责拉新变现业务场景的用户挖掘、用户刻画、用户排序、用户流转等算法；
2. 参与并探索变现转化业务场景相关算法，对算法模型进行优化和分析，最终提升效果转化效率
3. 对效果进行归因和分析，并跟踪和探索前沿技术
岗位要求：
1.精通python/c++/shell等常用语言，对数据结构和算法设计有较为深刻的理解;
2.熟悉一种或多种深度学习框架，包括Tensorflow/PyTorch/Caffe等
3.常用数据挖掘/机器学习算法原理并实际运用
4.扎实良好的数学基础,良好的英语阅读能力,具备根据论文独立实现算法的能力
5.计算机及相关专业本科以上学历，1年以上工作经验",更新于：2024-01-26
毫米波雷达数据挖掘算法工程师,北京,20-30K·13薪,1-3年,本科,"Python
HMM、LSTM
时序数据分析与处理
云计算",清雷,医疗健康,20-99人,"职位描述：包括但不限于1）构建医学金标准数据和雷达生命体征监测数据的映射模型；2）对雷达采集的单日夜间睡眠数据（包括呼吸率、心率、体动等）做睡眠分期；3）基于单用户长期睡眠数据做行为规律分析、疾病预警等；4）开发、部署、维护云端算法引擎；岗位要求：1）本科：4年以上经验，硕士：2年以上经验即可2）深刻理解时序数据分析与处理方法，如HMM、LSTM等；熟练使用Python编程语言；熟练使用numpy、scipy、pandas等库；有Python云端算法部署经验和云端数据库操作经验。
有使用 HMM 做分类识别任务的项目经验”优先",更新于：2024-01-25
数据挖掘工程师-营销产品,北京·海淀区·双榆树,30-60K,经验不限,本科,"风控相关经验
金融行业数据相关经验
广告算法",字节跳动,移动互联网,10000人以上,"职位描述：
1、负责数据智能营销产品的数据研发工作，参与设计并落地广告业务场景下的数据计算链路，包括客户数据接入，客户效果数据的统计与分析；
2、负责字节全域数据挖掘依赖的数据源架构设计，为下游算法提供鲁棒的数据中间层；
3、全面理解字节系数据，支持洞察相关的数据业务应用，同时通过分析，挖掘等技术手段向业务输出增量的用户画像或者特征。
职位要求：
1、熟悉广告业务包括归因，广告效果统计等数据研发技术；能够熟练设计数仓分层，高效支持下游算法和数据挖掘；具备面向客户交付数据分析和洞察结果的能力；
2、动手能力强， 熟悉SQL，Python，能熟练处理海量数据；
3、良好的逻辑思维能力，优秀的数据敏感度，定位数据问题和分析数据能力优；
4、良好的团队合作精神, 较强的沟通能力。",更新于：2024-01-26
数据挖掘工程师,北京,30-50K·15薪,经验不限,本科,数据挖掘,某大型互联网公司,互联网,1000-9999人,"工作职责：
1、负责风险管理情报数据分析、挖掘等工作，利用数据分析工具和技术，对企业内外风险因素进行分析和预测。
2、负责编写和执行数据分析程序以及制作可视化分析报表，为团队及相关业务部门高效决策提供支持。
3、协助开发数据分析平台和工具，提高数据分析与挖掘效率，提升情报数据及风控数据分析的效率。
4、参与风控策略、政策的制定和风险预警预测工作，协助公司及时发现和解决风险问题。
任职资格：
1、熟练掌握SQL、Python等数据分析工具和技术，熟悉数据挖掘、机器学习等相关算法。
2、对于数据分析有较高的业务理解和技术驾驭能力，具备一定的数据建模和统计学知识。
3、具备一定的风控理论和知识，熟悉风险管理体系，有丰富的风控或数据挖掘行业经验者优先。
4、具备良好的沟通表达能力和团队协作精神，具备较强的学习能力和适应能力。
5、本科及以上学历，数学、统计学、计算机科学、金融等相关专业优先考虑。",更新于：2024-01-26
数据挖掘分析-（偏算法模型）,北京·顺义区·马坡,18-28K,5-10年,本科,"深度学习
机器学习
推荐算法
通信算法
模型加速/性能优化
Python
SQL
大数据处理框架(Spark/Hadoop/Hive)",索信达,大数据,1000-9999人,"数据挖掘分析-（偏算法模型）
岗位职责：
1、主导银行数据挖掘建模分析及开发，承担机器学习模型的数据探索分析、数据加工、建模、效果评估与上线工作；
任职要求：
1、具有3年及以上互联网或金融行业算法模型开发、数据挖掘开发类工作经验，项目经验优先考虑做过反洗钱分析、风控、零售营销、推荐、特征挖掘、图谱、NLP等应用场景的；
2、熟练使用sql做数据探查和分析，熟练掌握Python与Spark开发，熟悉常用的机器学习算法(LR、XGB等)；
3、具备良好的沟通协调能力与团队协作意识，做事细心严谨
4、本科及以上学历，4年工作经验，计算机相关专业优先；
5、金融或互联网从业经验者优先；",更新于：2024-01-27
python数据挖掘建模岗,北京·朝阳区·朝青,14-20K,5-10年,本科,Python,中电金信,计算机软件,10000人以上,"岗位职责：
1、python比较熟，建模/分析，模型包
2、建模的经验，全流程的经验，包括前面的特征变量的加工处理
3、零售金融领域有过了解，业务的了解
4、不用深度学习，主要是统计学基础的模型，主要是营销类的模型，风控的比较少
任职要求：
1、熟悉python，包括NumPy、Pandas、Matplotlib、Scikit-learn和TensorFlow等常用的包
2、2年以上的数据分析和数据挖掘建模经验，具有完备的数据采集、清洗、整理、分析经历
3、熟练掌握常见的机器学习算法模型及原理，如线性回归、逻辑回归、决策树、Boosting、Bagging、SVM、GBDT、XGboost等。",更新于：2024-01-26
数据挖掘工程师,北京·海淀区·清河,9-14K·13薪,1-3年,本科,"风控相关经验
用户画像/标签体系相关经验
大数据处理经验
Python",金信网银,咨询,100-499人,"岗位职责：
1.根据业务需求，对多源数据进行深度诊断性组合分析，建立金融分类模型指标体系；
2.利用大数据、机器学习、深度学习建立金融风险监测预警模型；
3.创建数据挖掘和建模相关的核心算法和代码，实现流程自动化；
4.基于对业务的深入理解，研究前沿的AI技术，并应用于业务中解决实际问题。
任职要求：
1.一本以上学校，至少本科学历（强制要求，不符合勿投），数学/统计学/计算机类专业背景；
2.掌握统计模型、机器学习模型算法，有应用经验更佳；
3.能熟练使用Excel、SQL、R、Python等进行数据处理和分析（Python是强制要求）；
4.有数据建模项目（互联网金融领域）经验者优先；
5.对数据敏感，逻辑思维能力好，有较强的执行力和沟通能力，勇于接受挑战。
你可以得到:
1.GOV金融监管科技赛道的风险画像工程经验
2.深度参与私有化实现AI大模型工程
3.参与风险控制全链条产品的建设
4.每年两次晋升机会，激励杰出贡献的员工，有能力，无上限",更新于：2024-01-25
广告反作弊数据挖掘工程师,北京·海淀区·双榆树,30-60K·15薪,3-5年,本科,"Java
Python
C/C++
大数据处理经验
机器学习经验
自然语言处理经验",抖音,互联网,,"广告反作弊数据挖掘工程师
北京
职位描述：
1、负责竞价广告及品牌广告反作弊系统的系统设计及策略优化；
2、通过海量数据，分析与挖掘各种潜在关联，从而不断优化反作弊效果，更好地识别作弊流量，保障客户利益和公司长远健康发展；
职位要求：
1、计算机或安全相关专业本科及以上学历；
2、熟悉机器学习、数据挖掘、数据分析、分布式计算至少某一方面，有较深的理论研究和实践经验
3、精通至少一门编程语言，熟练运用各种常用算法和数据结构，有独立的实现能力
4、有互联网相关反作弊工作经验者优先；
5、具备优秀的逻辑思维能力，对解决挑战性问题充满热情，善于解决问题和分析问题；
6、良好的团队合作精神，较强的沟通能力和学习能力；
7、有数据分析及数据挖掘相关工作经验者优先。",更新于：2024-01-26
数据挖掘&建模岗,北京·朝阳区·大望路,25-35K·14薪,1-3年,本科,"Python
R",邦邦汽服,4S店/后市场,100-499人,"职位描述
主要工作内容
1. 深度沟通解读业务需求，充分理解数据，进行数据清洗；使用可视化技术呈现和表达数据基本情况，快速生成统计性描述报告。
2. 使用统计建模/机器学习等算法，针对各种场景的业务问题进行数据分析、规律挖掘和模型设计开发，并根据效果反馈迭代优化。
3. 探索前沿技术，不断提升特征和模型效果、效率，解决业务问题、助力业务持续增长。
4. 协同产品运营，向客户输出模型的解释性结论与发现的数据价值。
任职要求
1. 数据科学、计算机、统计、数学相关专业本科及以上学历。
2. 熟悉机器学习算法（回归、分类、聚类）进行数据分析及建模。
3. 具备模型部署、模型接口开发经验者优先；独立领导负责过较大型数据分析建模项目者优先；有数据挖掘类比赛获奖或相关论文发表者优先。
4. 两年以上 Python 使用经验，熟练使用scikit-learn；熟练使用至少一种数据库及对应查询语言，如 MySQL/PgSQL 等。
5. 具备良好的数据可视化能力，包括数据意识和技术手段如 Python/R、Excel、Tableau。
6.积极、主动，善于倾听与沟通需求，具有快速的学习能力与优秀的团队合作精神。",更新于：2024-01-26
风控情报数据挖掘工程师,北京·朝阳区·亚运村,25-50K·15薪,3-5年,本科,"Python
不限
风控相关经验
机器学习经验
情报挖掘
情报
数据挖掘",小红书,电子商务,1000-9999人,"工作职责：
1、负责风险管理情报数据分析、挖掘等工作，利用数据分析工具和技术，对企业内外风险因素进行分析和预测。
2、负责编写和执行数据分析程序以及制作可视化分析报表，为团队及相关业务部门高效决策提供支持。
3、协助开发数据分析平台和工具，提高数据分析与挖掘效率，提升情报数据及风控数据分析的效率。
4、参与风控策略、政策的制定和风险预警预测工作，协助公司及时发现和解决风险问题。
任职资格：
1、熟练掌握SQL、Python等数据分析工具和技术，熟悉数据挖掘、机器学习等相关算法。
2、对于数据分析有较高的业务理解和技术驾驭能力，具备一定的数据建模和统计学知识。
3、具备一定的风控理论和知识，熟悉风险管理体系，有丰富的风控或数据挖掘行业经验者优先。
4、具备良好的沟通表达能力和团队协作精神，具备较强的学习能力和适应能力。
5、本科及以上学历，数学、统计学、计算机科学、金融等相关专业优先考虑。",更新于：2024-01-26
数据挖掘工程师—国企银行+免费班车,北京·朝阳区·朝青,13-22K,3-5年,本科,"Java
Python
Scala
scikit-learn
TensorFlow",法本,计算机软件,10000人以上,"岗位要求：
1.具备扎实的数据挖掘、机器学习和统计分析知识，熟悉常用的数据挖掘算法和技术。如：FM\LSTM\LGBM\RL等
2.熟练掌握至少一种主流的数据挖掘和大数据统计建模工具，如Python中的scikit-learn、TensorFlow等，spark、Hive、SQL等。
3.有丰富的数据清洗、数据预处理和特征工程经验，能够处理各种类型的数据（结构化和非结构化）。
4.具备良好的编程能力和技术实现能力，至少熟悉一门编程语言，如python、Java、Scala等
5.具备良好的问题解决和分析能力，能够理解和提出合适的数据挖掘方法来解决业务问题,有一定的数据挖掘项目经验。
加分项：熟悉知识图谱，nlp，图神经网络算法领域知识，有图相关项目、nlp项目优先",更新于：2024-01-26
数据挖掘,北京,30-50K·15薪,1-3年,本科,"Python
Spark",某互联网公司,互联网,20-99人,"岗位职责：
1.负责公司机器学习的大规模数据处理；
岗位要求：
1.在推荐系统、搜索、或者广告排序等项目的等开发经验并在项目中承担重要角色；
2.熟练使用Python;
3.熟练使用Spark，使用过tensorflow或者pytorch的一种；
4.熟悉分布式系统，能够设计大规模离线分布式系统，对大规模存储有经验；
5.熟悉NLP或者CV，有过实际训练NLP和CV模型并上线的经验；
6.良好的思维能力、独立思考和解决问题的能力，良好的沟通能力；
加分项：Golang，Ray，Docker，K8S",更新于：2024-01-27
数据挖掘,北京·海淀区·五道口,75-80K,5-10年,本科,"数据挖掘
网络爬虫技术
Spark
大数据
商业智能
Python
数据分析
R语言",畅玩互娱,音乐/视频/阅读,0-20人,"CTO 技术牛人
高效配合CEO的技术要求 、技术落地.
有技术追求、也要脚踏实地.",更新于：2024-01-26
数据挖掘专家,北京,55-85K,1-3年,本科,"Java
Python
Hive
计算机相关专业",某500强上市公司,互联网,,"岗位描述
1.分布式数据设计开发，支持品效业务的精准投放
2营销数据体系设计贴合品效业务落地通用的营销分析框架
3.DMP定制定向与服务框架的规模化支撑
岗位要求
""1.熟悉Hadoop(MapReduce，Hive)，Storm或其他分布式数据开发技术，有源码研究经验者优先
2.精通JAVA或Python，有并发应用或者分布式应用软件开发经验优
3.熟悉常用机器学习数据挖掘算法的原理与应用，要求有相关算法/推荐项目的落地经验
4.能够练进行离线/实时场景的数据整台与应用开发工作
5.有良好的技术方案规划和沟通管理能大
6.热爱数据，积极主动，有好奇心，两年以上互联网环境的大数据经验
7.有推荐系统，计算广告，用户行为分析，大数据处理方面经验者优先考虑",更新于：2024-01-27
算法工程师-数据挖掘方向（智能评测）,北京·海淀区·五道口,25-40K·16薪,1-3年,本科,"计算机相关专业
数学/统计相关专业",百川智能,计算机软件,,"职位描述：
1. 负责优化基于LLM的自动化评测模型评测系统，含评测方案设计、Prompt工程、打分模型训练、系统实现等；
2. 独立完成实验，科学评估评测系统误差，并进行优化；
3. 根据评测经验，提出模型改进方案，完成闭环验证（独立对齐训练）；
4. 跟踪最新的人工智能研究，并应用相关知识。
职位要求：
1. 对生成式语言大模型和AGI有热情，热爱挑战，喜欢进行未知领域的探索；
2. 硕士及以上学历，有1年以上算法工作经验，或有相关研究经历的应届生；
3. 算法理论扎实；代码能力强；能够用Prompt工程解决实际问题；
4. 具有良好的逻辑思维和语言表达能力，能够处理跨团队的沟通协作问，能够应对工作压力和新事物的不确定性。",更新于：2024-01-26
[阿里团队] 数据挖掘建模工程师,北京·西城区·黄寺,25-50K·16薪,经验不限,本科,"SQL
Python
计算机相关专业
金融行业数据相关经验
风控相关经验
反欺诈
数据挖掘
机器学习",蓝象科技,互联网,100-499人,"## 岗位职责
1. 负责提供金融业务场景（银行、保险等）的营销/风控模型的开发、验证、部署服务，包括不局限于反欺诈、反电诈、响应率、ABC卡、多头、收入/负债等模型；
2. 面向金融客户提供场景化的建模方案设计，营销、风控、反洗钱等场景中提供模型咨询，并辅助设计营销/风控策略，包括准入、额度、投放等策略建议；
3. 在提供建模咨询服务的过程中，提供整体服务的进度把控，尤其是在数据源侧完成特征数据的准备和保障。
## 任职要求
1. 数学、统计、金融工程、计算机等相关专业，全日制本科及以上学历；
2. 2年以上金融行业营销/风控模型开发和落地实践经验，熟练掌握常用建模方法论：OOT/OOS分析、点估计、swap策略分析、迁移估计、稳定性分析等；
3. 熟悉机器学习算法，如逻辑回归、决策树、神经网络、随机森林等，熟练使用Python/SAS/R等工具进行数据分析和模型开发落地；
4. 较强的数据分析能力、沟通表达能力、团队协同能力。",更新于：2024-01-05
数据挖掘工程师,北京·朝阳区·酒仙桥,20-30K·14薪,1-3年,本科,大数据处理经验,Moatable,互联网,500-999人,"岗位职责：
-支持全美TOP的卡车导航app （Trucker Path https://truckerpath.com/)
-负责地点、道路、轨迹和用户行为等数据的收集、处理、分析、挖掘等工作
结合具体业务场景，进行数据分析、挖掘和建模等，设计并优化解决方案
任职要求：
-有良好的编程与算法能力，至少熟练掌握一门编程语言
-熟练使用numpy、pandas、sk-learn、matplotlib等数据挖掘分析工具，熟悉常用大数据工具
-熟悉大规模数据挖掘、机器学习、自然语言处理、分布式计算等相关技术优先
-较强的逻辑思维和业务理解能力，具备沟通协作和团队意识
-具备一定的英语读写能力，口语好优先",更新于：2024-01-23
数据挖掘-用户发展-北京,北京·朝阳区·望京,30-60K·16薪,3-5年,本科,数据挖掘,阿里巴巴智能信息事业群,互联网,1000-9999人,"1、基于公司内海量数据，建设跨多业务的用户画像体系，预测生产画像标签，提升多场景的用户画像覆盖；
2、端内业务数据的挖掘与归因，与外部投放和承接联动，有效提升投放和承接效率；
3、深入理解用增业务场景，利用画像数据和相关算法，推动画像数据及相关算法的技术演进；
4、持续优化数据挖掘相关算法，提升画像数据的精准和覆盖；
职位要求
1、3年及以上数据工程、或数据挖掘相关经验，具有大规模用户产品中的画像标签生产、数据服务的研发经验；
2、扎实的计算机基础，对数据挖掘算法、机器学习、深度学习有理解和应用经验；
3、对内容推荐、用增、广告等业务有深入理解，在该领域内具备画像、人群相关的问题解决、方案设计的能力；
4、对业务和技术有热情，保持好奇持续学习，推动业务问题的突破和技术能力的进步；",更新于：2024-01-26
数据挖掘工程师,北京·海淀区·魏公村,12-18K,1-3年,本科,"SQL
Python
机器学习/NLP经验
数学/统计相关专业
大数据处理经验
机器学习算法
自然语言处理",华职教育科技集团,培训/辅导机构,,"NLP 自然语言处理
招聘人数：1
入职部门：产教融合研究院-技术研发中心
学历要求：本科及以上
薪资范围：12000-18000
支撑项目：现有项目：现有大数据平台的算法优化
未来计划：未来大数据平台的功能扩展
教育背景：本科以上学历，统计学或计算机相关专业。
工作职责：
1、根据业务和项目要求，进行数据处理。
2、根据业务模型，建立数据挖掘和分析模型以及相应算法设计实现。
任职要求：
1、熟练掌握python语言，及常用数据处理、挖掘和分析包。
2、统计学基础知识扎实。
3、熟练掌握SQL语言、MySQL数据库。
4、掌握常用机器学习模型及相关算法，如回归、随机森林、KNN、Kmean、神经网络、贝叶斯等。
5、有自然语言处理基础和经验，有使用Gensim经验，了解TensorFlow框架。
6、有较好的学习能力、团队合作能力，对技术工作有浓厚兴趣，对工作认真负责，能承受工作压力。
7、两年以上数据挖掘和数据分析经验。",更新于：2024-01-24
数据挖掘,北京·海淀区·皂君庙,18-35K,经验不限,学历不限,"数学/统计相关专业
计算机相关专业
用户画像/标签体系相关经验",字节跳动,互联网,10000人以上,"1、基于对用户和产品的理解和海量数据，参与产品、运营、研发等多种场景的数据分析、实验设计和效果改进和数据建模等；
2、研究数据挖掘或统计学习领域的前沿技术，针对海量用户行为和内容信息，挖掘更有价值的高阶数据；
3、主动发起并推动忠于用户价值或产品体验的数据分析项目或算法策略落地。",更新于：2024-01-18
机器学习/数据挖掘/NLP/视觉算法工程师,北京·海淀区·西北旺,20-40K,1-3年,本科,"搜索/推荐
Python
C/C++",百度,互联网,10000人以上,"【百度-搜索策略部】
欢迎信息检索、自然语言处理、机器学习、深度学习等相关研究领域的有意向者联系。团队主要负责百度视频搜索体验优化，方向不限于：基于大规模深度学习技术优化语义召回、语义匹配、用户行为建模等。
工作职责:
1.负责视频搜索排序模型及策略优化:包括但不限于异构混排、多目标、CTR&时长预估等模型及策略优化工作
2.负责视频质量识别及模型优化:包括但不限于大规模预训练，视频音频多模态联合建模，视频新热优质识别
岗位要求:
1.具有以下一个或多个领域的理论背景和实践经验:机器学习/数据挖掘/深度学习/自然语言处理/图像识别，有大型搜索引擎、广告系统、推荐系统建设经验优先
2.具有出色的编码能力，良好的编程习惯，数据结构和算法基础扎实，至少熟练掌握Java/C++/Python中的一种
3对数据敏感，具有优秀的逻辑思维能力，善于分析问题，解决问题；有良好的沟通能力，跨团队协作能力。",更新于：2024-01-19
数据挖掘,北京·顺义区·后沙峪,9-14K,经验不限,博士,"R
机器学习经验",宝枫生物科技,医疗健康,20-99人,"1. 生物学博士。进站博士后，保证出站。
2. 或者有临床数据挖掘的工作经验
3. 熟悉使用R或者其他分析工具。
4. 大生物学背景。性格开朗，再学习能力强。",更新于：2024-01-27
数据挖掘,北京·朝阳区·鸟巢,25-50K,经验不限,硕士,"Python
SQL
数学/统计相关专业",元保数科,医疗健康,500-999人,"岗位职责：
1、深入业务，主动创新，发现数据驱动点，分析业务的增长现状和增长机会点，产出针对不用用户群体精细化、差异化营销策略，使营销过程实现自动化与智能化。
2、运用机器学习和深度学习等技术进行建模支持用户管理、智能推荐、销售管理等工作，将前沿算法在业务中进行探索实践及部署上线，持续提升算法效果和用户体验。
岗位要求：
1、计算机、应用数学、统计学、社会学等专业，本科及以上。
2、熟悉Hive，Sql等基本数据语言，熟悉Hadoop大数据计算平台，熟悉Python。
3、具有良好的沟通协作能力，具有较强的分享精神。
4、主动性和自我驱动意识强，踏实靠谱。",更新于：2024-01-27
机器学习 数据挖掘,北京·朝阳区·大屯,30-60K,经验不限,本科,"搜索算法
信息检索
推荐算法",基智科技,互联网,100-499人,"1、使用机器学习及大数据技术，从海量房产数据中挖掘出用户、建立定位数据库
2、基于海量数据建立定位的基础模型，并能不断优化模型，用于准确的定位
1、扎实的机器学习、数据挖掘、统计学理论基础；
2、精通常见机器学习算法（如逻辑回归、SVM、神经网络、决策树、贝叶斯等），有实际建模经验；
3、具有扎实的计算机操作系统、数据结构等编程基础，精通至少一门编程语言例如JAVA/python/R等；
4、熟悉Map-Reduce模型，对Hadoop、Spark、Storm等大规模数据存储与运算平台有实践经验优先；
5、始终充满学习的热情，有较强的系统思考能力，不拘泥于经典分析框架，具有创新精神
6、降维算法",更新于：2024-01-04
数据挖掘,北京·大兴区·亦庄,35-40K·15薪,3-5年,硕士,"Python
Hive
Spark
计算机相关专业
大数据处理经验
机器学习经验",京东世纪贸易有限公司,互联网,10000人以上,负责数据应用系统指标的算法设计以及实现,更新于：2024-01-26
